average_FRP	fire_size	average_VPD	no2_co_ratio	average_delta_aod	average_ssa	average_delta_no2	average_delta_co	average_aod	co_dilution_metric	aod_core_rest	ssa_core_rest	co_core_rest	no2_core_rest	average_delta_aod_box0p4	average_ssa_box0p4	no2_co_ratio_box0p4	average_delta_aod_box1p2	average_ssa_box1p2	no2_co_ratio_box1p2
4.729333333333333	2	11.28563603705918	0.0007490845536455858	0.4716692278711228	0.8956392484998921	835960591892645.4	7.623741285372826e+17	1.134158850919648	0.3093154292187775	0.5587521835430038	0.005356123364876786	1.515952859379423e+18	1309574054909831						
19.82010638297873	11	46.36179493826525	0.003510073595905038	0.4203513203075865	0.8699587060038751	5291592937088287	1.468352218556315e+18	1.159794904877673	0.4810325079333181	0.3579587543405922	-0.01149992212982587	1.159171469506887e+18	8735146500574906				0.3859094565213036	0.8737078409625741	0.003381899931150561
13.07115151515151	24	58.22507886721356	0.002322450651101742	0.1739303913335864	0.8978320439320258	2557004849905246	8.718600293869896e+17	0.7472581079495252	0.5410292936216051	0.1424753139551994	-0.006269075832325166	5.903829581706609e+17	2296717979868978				0.1716015756045768	0.8997521242936964	0.002397268642951227
20.16593301435404	31	58.20284074533399	0.004029117029201577	0.3567240493975622	0.8972150083871414	5404636824783078	1.284769950897212e+18	0.9491338014718362	0.6150957028726941	0.2101276393131543	-0.01270651478261542	7.921862743149009e+17	4819072231225454				0.3274191379163424	0.8986075874203668	0.003707885751228295
23.24169491525424	13	58.2689708073238	0.003410605849158863	0.2695601043223092	0.8774970233841561	5060509501339868	1.375746170175181e+18	0.8507594905128216	0.4474109999121165	0.2867316276594279	-0.01650520345915951	1.303564390668731e+18	6484935485980276				0.2452959865541972	0.8837946057914751	0.00336936233603324
17.967375	16	59.82165555149749	0.003315798602046279	0.1945992181359848	0.9065078434464457	3152176179669792	8.706246236407587e+17	0.7964014592744111	0.6984088748313337	0.1861423827829449	-0.007771728598285454	1.438152645918671e+17	3872646483849943						
15.70833333333334	26	54.74447835456351	0.003431855332768137	1.178558575000199	0.88198850326302	8632008315625642	2.402064742396399e+18	1.913504497335153	0.6766360047904744	0.9156662189208321	-0.007060590280870471	9.405422062450301e+17	8678396277718127				0.8081532554111135	0.8902763838561194	0.003172457539714937
14.77382352941176	12	54.24601567003523	0.00326331409772007	0.2679513183732424	0.8826640677180982	3025006946738902	8.079308482404648e+17	0.771831094837806	0.6092911226911144	-0.01219001859172131	-0.01197899232221855	2.990007745519076e+17	2585682291573287						
15.89681818181818	15	54.88179797242071	0.004553831221305355	0.1992763475354614	0.9056265341341518	3095117113237384	6.435133557747068e+17	0.9051519625692853	0.5425143309333255	0.2425409173383276	-0.00880815735445728	4.373326856710138e+17	3986190121538704						
38.40826086956521	3	7.27761115356075	0.002778148868940905	0.07855847938919497	0.8932536548223737	1180052845220302	4.011463772823678e+17	0.5381731164318674	0.2854241862309015	0.04834274424357098	0.0006410894894309793	8.776179584211793e+17	2812836385202619						
17.79811320754717	8	46.44109344340139	0.01472250985840325	0.2053885933668454	0.8742542380484611	6432592124058641	3.33579163517322e+17	0.6419461078407203	0.4226117087018008	0.2182905074978511	0.0004751998839933602	2.725660888185126e+17	5787425181809197						
26.80645454545454	19	40.99649743980186	0.004422030403929142	0.6451590179442892	0.8919995647297579	9071116421193786	2.109826043888965e+18	1.596386555017365	0.6175151252595269	0.0003000136184545532	0.003487512176608698	1.157737258350918e+18	1.033913147320242e+16						
14.11511627906977	8	44.80300087599914	0.007754603090096871	0.312727330441871	0.8902069279543852	4505182605805052	5.14680583886887e+17	0.974118177283601	0.5032007224457151	0.3542117960989593	-0.02025614132594011	4.644816690700231e+17	5901743216930400				0.2898621272714418	0.894646205675838	0.006903053752162202
9.802833333333336	5	40.58981985257075	0.002365008212969905	0.2453589700216405	0.9008028483049925	2113201763172168	6.675596107121846e+17	0.8645822372732884	0.6765279459721271	0.166246049017649	-0.001881307628322615	1.516894645430259e+17	1874245478053146						
30.70507575757577	23	57.50489339813833	0.005733170050898102	0.2096319296098415	0.8682614119224217	9738454340152750	1.538508010414571e+18	0.8222146842138107	0.415304589428926	0.008680105681487776	-0.006111555828535842	1.334952869694873e+18	1.634732340424668e+16						
16.30929133858268	18	46.89065204009115	0.002334215648264836	0.3305570909581551	0.8930894460880194	2950569714594573	1.204226000371763e+18	0.9539146251826067	0.6060919482143342	0.2426095034543069	-0.004215999802152814	5.859651760152824e+17	2582373897850228				0.336535655766249	0.8955163468634326	0.002280034815835764
9.512678571428571	10	50.35440825709519	0.004286646985787187	0.3412411466197268	0.9064669460758541	3584597125498328	8.036111586230925e+17	0.8816097983420176	0.6630975168919093	0.2275181943845279	-0.003754955348728606	2.67830435304623e+17	2471028289216662						
20.22871621621621	26	49.98267145248514	0.004032017928700203	0.56459579269695	0.8945985275432566	6078711745460181	1.465932027684736e+18	1.314499466527641	0.6051867437666341	0.3797562422221559	-0.007782441638365944	8.817582413900751e+17	5950238559892757						
12.30741573033708	8	28.74728924233932	0.0013079930325381	0.5163401933505988	0.900133159506603	2286530979921813	1.860133125773975e+18	1.088266390019098	0.5175690999691457	-0.01478080339960297	-0.02438682992508912	1.058018046798792e+18	4768422885536916				0.443578332049236	0.9017644148478315	0.001254593966663425
6.043437500000001	4	45.31701806354855	0.001174715582779936	0.1026547132237264	0.9158814599368088	734669948403160.9	2.295730513774288e+17	0.7006922218315986	0.7396291174530623	0.07209491947403381	0.0005904309524618068	5.073953389476685e+16	401925826435452.4						
24.99895833333333	4	36.5373350651059	0.004475284293903131	0.476593021417049	0.8887461063408222	4482885129292910	9.267362721948493e+17	1.071614435239663	0.3099895741098257	0.3295725745844914	-0.003935178072539069	1.545080732935979e+18	6854197565821218						
16.19411764705882	4	50.7908777342207	0.00337047362936258	0.1446635067971601	0.8993639779019834	1812247771150361	4.953385362845077e+17	0.7208268294383869	0.2467406995579034	0.2988842025734887	-0.00753503520872012	1.177399008847336e+18	4752711752244001						
30.61270833333332	4	50.08474763842614	0.002376939752062323	0.1575209816913404	0.8727255682950846	1264328403332178	4.485386860912792e+17	0.5779255582350116	0.5300903151528411	0.06964640678441011	-0.008841622442490205	2.267046856212332e+17	2513869577198022						
57.68760736196321	33	38.82836601032258	0.01075398014369493	0.2272305161834673	0.8608868169652223	9166200770302526	7.062546628598806e+17	0.6248259017232799	0.4605873399305586	0.2166311026591587	-0.002318672036587532	7.858552769144581e+17	7054981613387586				0.1624325466312925	0.8666225310043264	0.009736932862226292
50.36425196850394	13	54.59492068649003	0.01219093811921098	0.1585043199199042	0.8562114572375471	1.014451135753566e+16	7.749713814759617e+17	0.6628652387738312	0.5918881875447259	0.1008583360749192	-0.02620715854550626	3.436360458601448e+17	7705499911115719				0.1416390218734341	0.8631182456058208	0.01142007135240518
44.31902439024388	8	49.34617240885085	0.009916884541929136	0.192292291321186	0.8561250450106395	5955094579881992	5.432688322691411e+17	0.5824928974572132	0.5337429479996656	0.1341394416940903	-0.000272714776021088	4.353340238292736e+17	5911197849891527				0.1523590938709858	0.8629280575192509	0.009323454142209673
14.88488372093024	9	32.43545494025095	0.006453023173858305	0.2291447223299135	0.8808667298178016	4652229522211896	6.194197762886106e+17	0.6411644216740663	0.6500138548557191	0.1643387521830643	-0.0004254035248559829	3.36418584210573e+17	3418332943195388	0.2303654751917915	0.8805633297727165	0.006772276418300596			
49.14285714285715	2	29.5944475092962	0.003823302020491239	0.04923308648520391	0.8832000105155193	1023436794347950	1.220044786524946e+17	0.4083045720981236	0.5172390796996186	0.05872039084159451	0.001081245191907776	4.156943220507115e+16	1514206104622472						
27.17444444444444	3	54.93124600915971	0.005949171853802302	0.05702471505421714	0.8956629806102376	1823569893623813	1.626867189571338e+17	0.4969043020033208	0.6357106596973339	-0.02434426909130507	-0.005444980939040556	7.316209975068349e+16	1049647085133619				0.06508642517337382	0.8946015036328705	0.005300686861316201
31.49190476190476	17	37.20778258735606	0.009163611115820695	0.3390445160667027	0.8299058770043356	1.480362307888725e+16	1.441113476158834e+18	0.8155351841651194	0.5007379430962464	0.1585991533788744	-0.0006889275854852217	1.269126411753729e+18	6569981968408882				0.2926599956140445	0.8358524846629219	0.009416246359453402
30.44657894736843	4	24.90089932133699	0.007550155122746142	0.2572886018095482	0.9179793620483204	2939306705174434	3.471700840153507e+17	0.8876129309999442	0.4283698097715646	0.2470259406181962	-0.007772177777731204	2.930729426885847e+17	4892718644824914				0.2366857354743953	0.9194441625440049	0.007265048905478515
13.37545454545454	2	34.68585865568871	0.009573445600701025	0.1764833450481197	0.9025569702856887	5675183653212199	4.741537651086176e+17	0.9017108182370902	0.6641662712130385	0.1171038367825647	-0.01021095714160025	1.344705171125492e+17	4187736542188510						
11.85466666666666	5	34.04155668489112	0.002095931591013689	0.0916966716244484	0.8790712148998449	1336079611964724	4.561517343058451e+17	0.5915629743223755	0.5679446878803397	-0.05239619644881584	-0.006844933252861396	1.429349801543755e+17	1584433540577842				0.06890635635889526	0.8799609082656848	0.002053569849859389
27.38413793103449	8	46.74209209624183	0.003494149171847604	0.4259853363704447	0.897960885631231	3489707133665872	9.783409563229236e+17	0.9846169521440752	0.2927916639557457	0.4472269025672639	-0.02957096066838494	1.69697647469073e+18	6870778282934433						
50.83333333333334	2	50.13703731090391	0.005988641998226225	0.2204846774222366	0.92395160943996	2319713764632576	3.27434272171017e+17	0.8750888357910693	0.4349950159662921	0.04393067412867524	-0.006367255462741972	3.2269963876151e+17	3149606529991671				0.2077371945531073	0.92390043345091	0.005110183499458561
41.36382352941175	18	44.94600540489985	0.007933983449311625	0.1663567581272742	0.8521960397536981	7239197024845161	6.829133439511212e+17	0.5526673928373318	0.3883627789980876	0.06754154351150851	-0.006730857051781558	5.300250388864345e+17	5731713543439519						
35.96610465116279	14	45.08884399551881	0.009752031499489021	0.1806414919356713	0.8545844127123049	8214488362241931	6.257249153194659e+17	0.5770906070421045	0.6404859412028574	0.05921142627619069	0.003994032561206007	1.173917816872219e+17	6329340734557831				0.1982603350805723	0.8496174184299999	0.009154535508819455
23.90431137724552	16	42.94970301833408	0.01293633164720133	0.1522432671683357	0.8819545311670295	5437288422804102	2.973305781603592e+17	0.5072778429793975	0.5184658380629197	0.02583471989855354	0.00514305370609669	2.98096836880711e+17	3349942646227341						
12.64539682539682	12	39.79398888161796	0.003207784588222401	0.5228461755767888	0.8991625589259418	3354633655743613	1.011511945626546e+18	1.253936484462168	0.354735707561402	0.7718904997835996	-0.01466636586502967	1.505407570783195e+18	6103198353540415	0.7207704858601693	0.8895275634155042	0.00317226190380841	0.4461490853092872	0.9031101925185709	0.003164346427967308
8.521372549019608	8	44.38256313313362	0.001326290305339069	0.1786360736980903	0.9031143034697947	1309221503071399	7.442291906926295e+17	0.7587390587200337	0.5544214579728154	0.001041774974509635	-0.003177559183939249	2.115454385477976e+17	620073144265337.8				0.1653599895785807	0.9053129207513004	0.001172220431325287
9.312666666666667	3	45.40748589973563	0.002297856432254775	0.4820043440414228	0.890708705776013	1491268862569766	6.095216452067424e+17	1.034086196571712	0.4603485784622424	0.2407983056678597	-0.000335046528330385	6.122064391076498e+17	2460905087117990				0.3869623795700275	0.8865781946364143	0.002043755568824407
24.70828571428572	8	48.26175990851902	0.004905234256272951	0.2637347763875727	0.9247223161335481	1647555136660081	3.344248592340179e+17	0.9015330718646639	0.3174306635403566	0.1911374970993379	-0.005198669836966707	5.16618904104017e+17	4067329430262644	0.2009599714712477	0.9192231675137408	0.005083146122585818			
10.91232558139535	9	31.23759960578193	0.001685906768270701	0.2224930536839692	0.9030821683233844	1499020590609398	7.179090674507676e+17	0.6935761133290077	0.4427054581558345	-0.05786660495015283	-0.00673204121999571	6.525429487986877e+17	2692418857665452				0.2178880961176466	0.9042578508410138	0.001637184285657065
63.24067873303163	35	58.52995858521825	0.006358980310308302	1.655827096190858	0.8521394149589762	1.612514497671511e+16	2.422876050131863e+18	2.53451691261818	0.6143771376718162	1.192821199131193	0.0133736130186064	4.091542793928658e+17	6205479403289422						
24.19702702702704	13	50.05168647242998	0.008572276685205434	0.1833951873474071	0.8459969484442585	5326165542456493	5.412963210219553e+17	0.4939627877796754	0.5719261983441549	0.2870071658505183	-0.002424214274835856	2.328405698670735e+17	3076384979520015						
14.74802631578947	15	54.31601333763238	0.005853575864675201	0.07371735108327471	0.8729130419062758	2536839391831223	1.78509517726946e+17	0.4740450632377544	0.472141778634671	0.1247520240091577	-0.006884364922984387	1.097723427857265e+17	2791056508737167						
19.30263736263737	20	47.95835603219172	0.003465338752439978	0.434627677236866	0.8623244942594442	4297862156969636	1.180256630570504e+18	0.8910406559879004	0.3800065057086149	0.4013263784668678	-0.005619733626582191	1.724692938874511e+18	6642074813348744				0.4072082748925796	0.863728105071886	0.003425823471217061
10.69333333333334	13	41.0498715097454	0.003523290739347365	0.3968882427020129	0.8631468389800682	2251007190968528	5.714028760540311e+17	0.803286561736569	0.5176223809406086	0.1496719217919853	-0.001208009707072022	4.15595676154257e+17	2809104335853935	0.3756919509486543	0.8620776413752629	0.004431675302709139			
29.64678832116786	22	54.3393957504893	0.005636238499462264	2.370587172891692	0.8430971691594209	2.304951031188636e+16	4.005611715473902e+18	3.094250139668139	0.5902646348580843	0.7330754361192042	0.01069678326133039	1.45354012749302e+18	1.446193155483946e+16				1.946905253774884	0.8407121474604339	0.005684978499104726
33.24272300469482	26	50.38113025415663	0.01088555538518178	0.4274011315120025	0.8697616830739064	1.278489425322059e+16	1.1110730431072e+18	1.249868359736396	0.756556872212651	0.3535946135806906	-0.00281107683138937	3.413980888741804e+17	6144979102815166				0.48255632629488	0.8734711133837775	0.01038322466456663
35.61529411764707	9	56.95462085352988	0.008382233191894824	0.4692855252963939	0.8542688684048956	7121241039047227	7.935946905358769e+17	0.958212985397532	0.586551258381415	0.5761240314900983	0.02377011682716479	5.262625960115282e+17	7949089982088367				0.414415606780152	0.8536393416350853	0.007649154923459851
19.19295652173914	20	55.20360610414203	0.00627228561429565	1.453342154207124	0.8839717017639178	1.198668902259369e+16	1.516639464787217e+18	2.539517855215347	0.7148541754294599	0.3090838085698555	0.001786885305462893	3.98992131345431e+17	4955862257284710				1.354330886505362	0.879164103268803	0.005663012953924979
26.31123076923077	6	54.77530111558314	0.01181254492963636	0.456071087526677	0.8796536269819196	9060385238426718	6.173950721609629e+17	0.9272875983255302	0.5165255858735913	0.2552775626128062	-0.005906217180957851	4.373173075694695e+17	7126960531168524				0.40771766584818	0.8800443603245677	0.01063580679551636
26.23421875	7	61.34838634744868	0.011348503683743	0.40639405433697	0.8485805736120106	7727127424698615	6.170646716329417e+17	0.8850319172664215	0.6024776969201313	0.08086668531975799	-0.0006992394168341409	3.123400659950484e+17	6205289254673716				0.415199183910116	0.8468072026576056	0.009929784786326246
17.07083333333334	8	56.13936179659425	0.009218277936453849	0.1773917061981225	0.8957025843294345	3677927112363512	3.157042725800234e+17	0.7072388947309933	0.5745487799510333	0.04283059213065346	-0.01749227116171614	8.456491330249414e+16	6616323857911098				0.2359651600583243	0.9015099883803175	0.0090538222054499
21.09617021276596	5	56.51951247279239	0.008708231675743984	0.148959747094204	0.8757129581516558	4417314863528048	2.969211882607738e+17	0.510362009381934	0.6504017938665024	-0.04273219498406902	-0.01880855409648097	5.531990444407494e+16	3008210809318568				0.1680838131417217	0.8788908312952751	0.006521511569075726
25.36875	1	58.81655095508301	0.01529368213989002	0.2819361879486742	0.8884650106702476	9669951249576068	5.524256589519206e+17	0.9599840226530415	0.6149755362387516	0.09134661626240936	-0.001263717112992557	2.878458254112348e+17	6971835062708507						
12.93878787878788	5	55.3282549564204	0.005172439774736412	0.2105606799972195	0.8577686007032795	1572346096067432	2.686324684131027e+17	0.5505681074738751	0.4285665789826454	0.2373674874227157	-0.007866194767128465	2.819012405110393e+17	2928724236753082						
5.524186046511629	3	28.57568946804764	0.002374700449883239	0.1399316851253702	0.8731655069497829	994571380342295.6	2.954946457086614e+17	0.6177683580933833	0.6199304043424317	0.08458564177874492	-0.002525825415572114	6.806666123617002e+16	1230929380134713						
25.29573426573427	36	52.58121623361119	0.003786494593824826	1.703609093986692	0.8402327661376093	1.677770592413712e+16	4.006722967058871e+18	2.447032657784661	0.5511987714227016	0.5104660501218685	0.01665481038383754	7.385238907593016e+17	8349456089648534				0.8439844778187633	0.8560607315248118	0.003920802488999071
17.04134782608696	15	51.87893953016319	0.004410038312039916	0.263270472843679	0.857912520605482	2713044906834214	3.659350015765642e+17	0.8885814972952076	0.6080786867411387	0.1401170476875899	0.007827953721713077	1.842675089100102e+17	3407795502892797						
16.74419913419914	18	42.82009951450924	0.006296999780450708	0.3789562026503819	0.8470144398610627	3290229936740156	4.509317295317119e+17	1.002990222665865	0.5750061625887194	0.3790975787463866	0.0005805726152571244	3.01325282624456e+17	3648605140705139						
35.37426829268294	11	56.93222166162577	0.006722233265202104	0.7523025031710217	0.8980729202108088	6182520987582235	8.791452600360364e+17	1.381918829096764	0.4211148942843616	1.066019677787239	-0.01098835792276165	1.185967299830938e+18	1.157785917593532e+16				0.6812442425993359	0.9008109584688511	0.006519387934955555
25.13333333333333	5	46.41191150503953	0.009869396056360755	0.1377439394652319	0.8227462912153605	3511567441129280	3.087072758098161e+17	0.4110489509516665	0.4125777720844291	0.1054047004084072	-0.0002794395690902673	4.218082874660902e+17	4747469573914267				0.1357493294490608	0.8230478527839374	0.009177314257601337
27.71	2	50.19145958629505	0.001889850071699324	0.1611190258810296	0.8390704768052043	976428037461301.2	2.114588566866759e+17	0.8032031737278243	0.6176019595414493	0.02211138397773124	-0.001006677716325344	1.219842162676516e+17	865416592451140.5						
8.574185463659143	37	54.10694546162738	0.001799519750753753	0.598108676198974	0.8593833918765305	3713352237798649	1.702435095201593e+18	1.201976792139362	0.4169998552950087	0.06394309448264424	-0.004140839513033567	1.655285141787149e+18	2645021586734030				0.60854593142361	0.8610027447401002	0.001797088683465327
12.6254054054054	10	37.99098645280001	0.003935093666361588	0.3943002584954239	0.8963076291695132	3124912104213318	5.621813586305253e+17	0.8380459788909597	0.7139591699489376	0.2998377549793668	0.001398357955818219	1.508335295657687e+17	1087465966394604				0.374330491842622	0.8961329258114857	0.003398110061301955
10.87065217391304	7	42.21585683078402	0.002248217700296137	0.3806328799407454	0.8753120415290636	2045305643180998	8.406169878572963e+17	0.9807248545203707	0.4685190799306226	0.3438859751750804	-0.002083773646511244	5.791749461232317e+17	3544011006210692	0.4628851221254007	0.8744589133423673	0.002376564773011868	0.3603239567808297	0.8751137486725226	0.00218791633608265
12.34631578947368	12	59.352249420863	0.002499376926662598	1.384176466602349	0.9042455784344101	4622066414003118	1.66733696641027e+18	2.42459298647211	0.5688143370770946	0.3210094554604679	-0.009254635075737649	7.723298254985661e+17	5459264414134526				1.451554906325717	0.9056729533054989	0.002237520860226018
19.69363636363636	5	56.30655266515613	0.003919713505934824	0.2818365290327504	0.8871556488464634	2806697124624224	6.255494369130972e+17	0.8180746277822439	0.5933757890397856	0.05886028757448092	-0.01758696094650447	3.189949715555696e+17	3981894591659137						
27.69777777777778	8	40.00788165990303	0.006538770476088987	0.08354185437329728	0.8522063613516606	5191012649643800	7.639003188220266e+17	0.461466469636913	0.5539119899929283	0.04970879674631033	-0.006770063393462644	2.097903655229884e+17	2992831421955692						
5.826349206349207	6	31.96066550897152	0.001415447873891578	0.1466849862393466	0.8984139449551996	593813532165152.9	2.369160204399397e+17	0.6016560506194187	0.4623355154806681	0.07277452735668025	0.004492456775841203	2.132364824027608e+17	519815416899610.2						
38.244	17	61.19959870403709	0.001852116943063914	0.3068748677904784	0.8189864986096265	3602398253007072	1.453580929468448e+18	0.8586883155896962	0.3942046281072968	0.03791600545198803	-0.01193463979857656	1.430643928339171e+18	3567403652780772						
38.91851851851851	10	54.01677088163229	0.004060818563467731	0.2582155155185596	0.8344688134668961	5507779650942377	1.291664774394162e+18	0.5829783487984113	0.5425549713764956	0.03227931935296025	-0.01629610452971408	1.08393444539819e+18	7165254401687580	0.1747184178015468	0.8261501240138575	0.004654596477900461			
36.72872340425531	8	63.21937652236696	0.003058112130755549	0.482693521824026	0.8692003737684522	5440710341266620	1.471662982935081e+18	1.27147344642217	0.6509461843645847	0.2783211677769906	-0.008999009148310755	5.366982635912059e+17	6579415256361538						
45.67838709677421	7	50.62051773696378	0.007708792121388479	0.1433965052214245	0.8155176884434331	4329482507720660	5.6122845214414e+17	0.4082926191023351	0.6744315716343443	-0.03784580614259553	-0.01772758530196217	1.849371490617414e+17	1703254104285640						
10.1296590909091	15	69.57582369591171	0.005040315937734849	0.1091485830254833	0.8193117809012967	3250446561478105	5.864264272446604e+17	0.5507325188055924	0.6653288552740051	0.03615421093029063	-0.01558189665458376	4.325716243978419e+16	1592812423691884						
48.61611111111111	5	70.76058447492841	0.002242604690864286	0.2268692561002285	0.8443346826780882	1459791749136680	4.515385411416837e+17	0.6272477232525648	0.2973458857657107	0.01068797451683043	-0.01127730690993523	5.437377081469052e+17	1518781391515682				0.2448771721635393	0.8404942823396747	0.002492152080105959
29.0075	1	35.40385670349128	0.001947385263504099	0.1081432629337308	0.889145349274321	475478094823959.9	1.321238727493678e+17	0.5855307607764419	0.4683944609900255	0.06528779304570696	-0.004143273397085645	8857430872477952	315627860297011.2						
7.026000000000001	2	36.1229922142427	0.002185960308646114	0.2910247867567736	0.9013010831740825	643640212101219.1	2.296477068138047e+17	0.9839073977997096	0.565564202759002	0.1301978710856618	0.0002637307440046532	1.188752992988015e+17	692325753252374.5						
15.30356020942407	22	33.62130800568296	0.003353884441436138	0.2820184682200366	0.8897065821464588	3466689816909804	8.419207536689756e+17	0.7429080161208357	0.6517139137090421	0.06065069340922541	-0.01084497681001451	2.96990018444343e+17	2593621162378135				0.2331905102435927	0.8966606249284511	0.00273013525651877
28.07163265306123	7	38.48177659945227	0.002879763446360199	0.1989542804162695	0.8800635087825893	2359702257673826	6.332341761809421e+17	0.5934454005456115	0.6386103140384665	0.08479112486002272	-0.0205490462772272	2.077640371353245e+17	2463618181508128				0.1737213052747871	0.8844586349077672	0.002504100304847667
51.90833333333334	1	56.03697186548914	0.005949208213297244	0.03155125138695595	0.8627008365046271	1167638226543416	5.854250963936596e+16	0.3093320488844667	0.5245134129936442	-0.001085534082480393	-0.0121062637670456	4.248043390212357e+16	1382330169601254				0.03297886154203692	0.8676605483321891	0.004399939332131095
49.1988888888889	2	53.48478603654326	0.006986570666592863	0.07232258466042701	0.8674184672704038	1364435956315410	1.229788976452472e+17	0.4558548776112923	0.5734114702614171	0.06804221252355527	-0.005151314600722823	7.556935987530443e+16	2022667239854027						
51.98536679536683	59	60.4401757643926	0.003400564290910654	2.27112316523632	0.8403089477735785	1.878768327752588e+16	5.568736636316737e+18	3.660497373182015	0.6560278157701451	-0.05070025616984219	-0.002041556665431155	3.907495398648044e+17	5533880256966054				2.703568867475694	0.8392352536914497	0.003491903661953724
69.55655172413792	14	59.44946069882917	0.005697246579460542	2.456098530732074	0.8373045300092895	2.529864159415391e+16	3.775252085404367e+18	3.075030052277065	0.4879879823348022	0.03555129878108021	-0.001783151552337436	5.7459268690509e+17	6386712403831804						
29.08020905923343	38	38.6953336332409	0.002207902897139445	1.152661366658331	0.8692362672563755	8981258310535404	3.396430589541602e+18	1.778005473852229	0.4044723766658387	0.8000590047292274	0.01142086872918013	2.623317429648831e+18	8416309624851023				1.096744592876923	0.8678453972786619	0.002209367849080925
51.39341176470587	10	55.07945444076795	0.007640848061823659	0.9858276543424705	0.8237547174084642	1.066093395477604e+16	1.264619368911205e+18	1.276816921540382	0.4685626203014261	1.912889772508959	-0.008311032239414207	1.106237817545786e+18	9890598071161114				0.5291753267557201	0.8305397727595022	0.007357266737981602
22.1444	15	52.91271471485749	0.003878374116828851	0.3579864106043898	0.8306679968079503	5996552538789683	7.15986113370426e+17	0.9579157003145585	0.5955328120431561	0.1722800676269729	-0.003730569421779517	8.107182453366707e+16	4807209215000305						
20.64290697674419	8	58.39447113852103	0.008781526237042212	0.4514536372308592	0.882884467379307	4586378057015489	4.263490502792082e+17	1.220004288425892	0.4810957003198251	0.07830034028913896	-0.0008698086040107578	3.023082439839501e+17	4828674521874447						
9.863414634146343	3	28.78937440343331	0.002296413793444026	0.09232218078201032	0.8377624586762742	1169922905817520	5.149848902932941e+17	0.7922744901908895	0.5256291310569835	0.07614251314002903	0.007782530707269308	4.596661675431884e+17	1658100891828988						
19.73	2	62.18342036938076	0.008056366458681305	0.1065793966054648	0.837308368001201	1548095287839188	1.391414747005594e+17	0.4067407457642916	0.548282171569382	0.1236917303537513	-0.004933222292107686	9.283601544076715e+16	1835441048882103				0.1021602434904467	0.8367223185009148	0.006640388053339752
14.29852941176471	5	54.10662320800595	0.005874929431646265	0.1134013932753969	0.8598933148719006	2518486283866602	2.12469904770982e+17	0.4711837660871454	0.5761731697927484	0.09860227734211566	-0.005744093424065899	9.232360865476502e+16	2697094325855730	0.1360638072047739	0.857425985280824	0.009160082611508689			
35.73189542483659	18	37.9767084434493	0.00444218945563835	0.4601291654916234	0.8752940632225642	6669200037826215	1.163411208002862e+18	0.8300568472354357	0.1692060232099946	1.029010381689006	-0.003747100532454306	3.577053081819853e+18	1.709880798524912e+16				0.3618589001328644	0.8773541457261809	0.004454665942887436
29.53390909090909	11	29.70059373766738	0.005531963587192323	0.3932491379755306	0.894164142720913	6792958205856495	9.474020834953883e+17	0.8879366320274148	0.6004436307967486	0.3077944869698402	-0.01172432872584706	5.861225890881071e+17	8559699375442745	0.3485472052553616	0.8930398252966246	0.007208830757866502			
15.35982905982907	14	27.89112522966101	0.004821815941536883	0.3056853304052496	0.9071222078176726	4571753676051220	8.365786364923939e+17	0.7900657074849586	0.6178399826845974	0.1302514134544497	-0.00283917716654869	2.845086973851218e+17	3278099590599420						
19.77809523809523	6	30.69216135870815	0.002903575031217117	0.33778680855023	0.8984591009543949	1853266941152581	7.146230948178708e+17	0.7982153386713281	0.3169992396269469	0.2329577155075007	-0.005533171864668063	1.274923417852468e+18	4679048316977688	0.370705359884964	0.8966067740820954	0.003180458805448436			
16.37775	9	54.022738053239	0.003635827258034561	0.3362721214083354	0.8597822951446891	2960140064396312	6.937079197384022e+17	0.9684848293140168	0.5499279516649832	-0.03733227073462697	-0.01820995069660314	3.808907784320364e+17	2359015851326956						
21.10128205128205	6	48.89470281588051	0.002466227378805728	0.3701215082473623	0.8841566655244743	2769192716730442	4.507965913556177e+17	1.116190054963259	0.6158977263302717	0.05447620872596126	-0.01227018231188104	1.647835323905035e+17	2829792212837124						
11.89666666666667	8	49.15909874793888	0.003584586925934156	0.1318618071004131	0.8625998532510557	1325166550069847	2.61575102699429e+17	0.5586116443936444	0.4589952811447964	0.02566454922090156	0.002340569874142995	2.443460674592064e+17	1260957846731347				0.1372882820799755	0.8609062277758114	0.003364335148403523
10.77153846153846	3	51.85045966706964	0.002982223799416749	0.07217497374826548	0.8574382243363877	1156721391802412	2.032168420973487e+17	0.492097044429546	0.6113673487558613	0.0367331281561509	-0.003222466758740605	8.020569491625546e+16	1301642069727721						
19.81921568627453	21	28.82368404691839	0.007907774563798093	0.329635014915907	0.8969520666099788	1.093923308299655e+16	1.359891513867211e+18	0.8951376665179981	0.5876540263727139	0.1734530556789293	-0.009761849126780908	9.652039459135575e+17	9020122381606238	0.3833727292494999	0.8925369281628064	0.007814355284030123			
20.03055214723926	16	31.67988262219466	0.007561423560602976	0.3747217648854394	0.8834132522969741	1.075067074499415e+16	1.158306736670794e+18	0.9515267513743463	0.6176453613476187	0.246716560051761	-0.005157950227106634	5.368104638367836e+17	7096244483405100						
20.9340625	11	54.15736190296546	0.006688808480497172	0.4629093441066003	0.9004347927758124	8761172378138451	1.295699699190655e+18	1.086087509324281	0.5526473318057522	0.3811627917804785	-0.007059995369223415	8.637379491316561e+17	9846201426504380				0.3928847163558217	0.9019698530685012	0.006501180044542017
23.63684210526316	8	55.93583284685325	0.005452075272543222	0.4659527530099853	0.9076889711803748	4442370137789855	7.741002980130999e+17	1.086044375581699	0.4405170773130735	0.2661724801163237	-0.03777297107771249	9.593909890949591e+17	7161840930078447				0.4409704486148793	0.9092469905341299	0.005295181422814244
18.9775	4	51.43149157573904	0.004887709159217189	0.1691002496740437	0.9135313280678727	1453520753381639	2.70443414822204e+17	0.8280733708481635	0.4508540799673595	0.02971929647269492	-0.00834470216626404	2.646550770834247e+17	2519748359287626				0.2366888767153038	0.9128647170627231	0.004280693660488668
15.39538461538461	8	55.97614139282661	0.005810882565396286	0.3145851623656659	0.8905179254116492	2843095666733394	3.878238728293195e+17	0.951771229253726	0.6168126209152177	-0.01988449618920596	-0.01168465917373607	1.642407180306392e+17	2193345801384488						
31.996	4	55.53366832097269	0.005839449516513032	0.1295661226408441	0.8179611957658135	2740622044317370	3.709563762933476e+17	0.4335646873644446	0.5673699003975753	-0.01925085473613172	0.002286299548217796	2.066959616212376e+17	2456184015146383						
13.80681818181818	5	63.7064361700679	0.002963519183207519	0.109677447230843	0.8554632110499244	1188610311926510	3.671079147933653e+17	0.3801317608432077	0.4621668459722702	0.1484584613873267	-0.005287550090821935	2.799000040481448e+17	1780040951230097						
7.274102564102566	5	59.7515290989522	0.003076265286121507	0.08245302713753332	0.8684856159059846	879821862652492.8	1.831420948608193e+17	0.4385155974159445	0.5059184755861506	0.05101791698368476	0.005372005756821729	1.25020770032439e+17	628968515077721.6				0.08212391250306308	0.8697019389070549	0.002983721153582759
15.97333333333334	6	52.37760481186173	0.005621641144904504	0.4159720992668846	0.8705456810658844	6232427663307865	1.069997425911209e+18	0.9384137135593762	0.3640676064281858	0.3587792870295322	-0.003841867266679011	1.489988898304599e+18	1.019452955236213e+16						
52.78470588235295	6	52.02870691261279	0.007868732580621872	0.482130751672474	0.8305316187693077	1.054997027548766e+16	1.21194534262916e+18	0.8819638984658694	0.61484613014904	0.3253024074482816	0.0002927978192924785	3.033963800445043e+17	6871192330445100				0.4889336622133109	0.8324936600755839	0.007677054076629957
25.84155172413794	8	54.13899779177012	0.008806591198862701	0.5913267283962361	0.8413953674703979	1.430480542516199e+16	1.478914022583508e+18	1.001862084817343	0.6248784561258857	0.2993795048572705	-0.008245261475945398	7.728166384295721e+17	6466904496071634				0.5662494729895832	0.8460696028796205	0.008437318549605544
20.47886363636364	8	53.62401823761181	0.008117897207065933	0.3013136548453195	0.8310003698103166	8821342765022148	1.019349684420039e+18	0.7153628579807479	0.6593472866816832	-0.02305131906193314	-0.01422376994663666	2.448177145067908e+17	3775859841342981						
30.97842105263158	3	53.52937691928837	0.005542006790151511	0.1743623797986567	0.8656354048109626	4374320899770494	7.154778036733303e+17	0.6370544438821871	0.6070663245937383	0.1181332021663292	-0.00183361411469718	3.407957959999462e+17	2282109606963226						
29.17685393258427	15	49.31632814756776	0.005500690007815077	0.2001764913699536	0.8343873198287998	5673043969480130	7.612509082431613e+17	0.5822683682387572	0.6311145699248266	0.1005546283498517	-0.005567185962393029	2.670279470003752e+17	4408495821248036						
34.39461538461538	6	57.79346345262553	0.01007386476702313	0.2810170266274123	0.8110457089662333	5474492228163338	5.09814496163402e+17	0.5152252628378978	0.3634296468127103	0.4858824441445486	0.005459768963358647	6.30952376620852e+17	1.160735614003078e+16				0.2348941945292544	0.8083929909281742	0.009889202817600187
44.48966666666667	3	51.16813264450241	0.006426258660681798	0.1768641738296602	0.8296437092388946	7333987473686486	5.926107373315122e+17	0.5000138695279791	0.4183092256403066	0.09346708324886049	-0.005826899873111469	5.748195243938112e+17	6166077884281262						
11.68112244897958	7	38.25647762205977	0.004953673563602703	0.2844316664583357	0.8993010013420698	2606524402805214	5.085816510396737e+17	0.7179181532570704	0.4903744468428085	0.2133769272455977	0.007995449473637617	5.548727543209691e+17	4497934426581086						
11.91866666666667	5	34.14784511181892	0.003704987132708192	0.3694579830531856	0.8991412238450012	2022911813428209	4.918938313720841e+17	1.000702080308428	0.3942600678450968	0.3476742501144842	-0.005571654304848517	6.768757833948329e+17	3126407976159264	0.4610431201392979	0.8977970473143024	0.003768824502184322			
11.03709677419355	5	64.7905254406588	0.003630752331594234	0.03737123737380647	0.850120415504108	706251163977768.2	9.468242526198552e+16	0.315577966072372	0.8546756351885653	-0.009136139978421345	-0.009367052537622933	5616237335414784	441925651033220						
21.89285714285715	1	64.82579577320816	0.004310326210235863	0.1286877525179951	0.8686634523353333	1428569129498850	2.067762882729761e+17	0.537455359337385	0.6495086402142447	0.09543245327450935	-0.003454956545312915	1.234946923507918e+17	1672098354118898						
18.09333333333333	5	54.38815598614845	0.005911094236491623	0.1098177277158559	0.8507109015840515	1797510070060018	2.808621375557019e+17	0.3829012871854042	0.4522581766480877	0.114009634168243	0.00993898517944436	2.629744441687399e+17	3091933600579343						
15.45222222222221	10	41.72644605729844	0.004386747928847687	0.3446893792198312	0.910489514656198	5381616131811178	1.146734887223279e+18	0.971374248068209	0.6311800580179794	0.1774628477795353	-0.009847050036634442	4.465338753314492e+17	5105191090364106				0.3207888323321652	0.9143501679416197	0.004216720420024014
17.12266666666667	4	51.42003935774989	0.006131216231600171	0.1282217618788335	0.8483322206365566	1791442071149462	2.269871236007115e+17	0.3502088492492269	0.7283615425789263	0.03535934510307938	-0.002907930083163812	4.139868510875587e+16	1525580113625143				0.129129295801446	0.8482491013956909	0.004591110830700603
11.275	2	39.96972886510659	0.002209644556926637	0.1880233215709237	0.9261133770657768	681740850429391.2	1.517791246643939e+17	0.8877213598007139	0.5792456419885177	-0.06186721407136944	-0.003958846682339923	6.028625526378475e+16	759544092694161.8						
23.87142857142857	1	71.15412077365512	0.003753837700391086	0.02843813394444174	0.8548223504413807	579483531093609.4	4.903616739186758e+16	0.3633784140027022	0.3730858735382646	-0.03336650108625291	-0.00419248560089569	-2.419356112930138e+16	717116346622304.2						
18.02586206896552	8	37.29804923287948	0.003331132938685282	0.3927522431663932	0.8974642638428465	3225541657562482	6.044725413409084e+17	1.011106457517954	0.3615059017466641	0.4218486847212735	-0.008022166705838663	4.174183232345824e+17	5226038397063319						
62.48209039548027	13	56.24528821905526	0.005673964227575854	1.269775935515487	0.8460168821927997	1.207035990016918e+16	1.818354959672835e+18	2.140047062685574	0.4120012650051855	2.417182546956322	0.0004288824017557591	1.984417076610907e+18	1.116000690638718e+16				1.183754245022859	0.8426530661573659	0.005761900115782047
28.29559585492227	12	57.89531656519389	0.008268046689776981	1.236368180033427	0.8351783543627371	1.145734644347774e+16	1.35956848688204e+18	1.908905564324792	0.4614638615238029	1.207186586505343	-0.0001727492094566463	4.978303276001567e+17	9077887633004256						
21.89645833333332	22	74.35926425084402	0.01752989516337364	1.537789449429399	0.8686349103930494	3.185762747079769e+16	1.669812480386377e+18	3.261550144925775	0.7226031297075739	0.3396263991068027	-0.003181570287984714	3.589377899812165e+17	1.530612423603566e+16				1.655718024242812	0.8646728150456353	0.01652165097881312
20.30927272727273	5	52.19912027424409	0.006428779145208239	0.1508539141440117	0.8974997642278865	2915022713572548	5.170011275214338e+17	0.6037993248139848	0.7097524286771283	0.0707033784206885	-0.01782031109358717	2.367123789730556e+17	4228752558968370						
20.282	7	57.10082773479835	0.005257917380388894	0.4796831908002194	0.8586962030943345	5392285820164310	9.998935575188972e+17	0.9476639117876705	0.3169009748021748	0.9115752540319177	-0.005784215845338281	1.846291209520363e+18	1.106253972061441e+16						
30.489	4	50.30795440815231	0.002800250695632876	0.2050041366407253	0.9032976443648275	1776675566048623	4.175620369225485e+17	0.6765855822939676	0.6696922462479928	0.1441328012466006	0.0008472661443253982	1.807946078862915e+17	1660104839090676						
9.696562499999994	8	35.97762773759475	0.002157742679526282	0.3944367109059301	0.8870943981677785	3361410219345298	1.525162447924737e+18	0.9361427329063164	0.3388427481977155	0.2312774129387724	-0.009636451111045718	2.448323223184632e+18	6958016204396186				0.3765537544586137	0.8905282790049656	0.002116375417282099
11.75705128205128	6	34.40515842903607	0.003382019534698738	0.3160604745782666	0.8767936517013383	1932724894297611	5.599922393393702e+17	0.7041046418218467	0.3220291897418449	0.2096160762089094	0.010205499487	8.638156992417247e+17	4108563972863738						
17.56181818181819	5	7.670091760272612	0.002890510346005293	0.3565575528349458	0.9057163021757653	1339246886944039	5.658839061288895e+17	1.150040609169165	0.4653861187090408	0.09884301137460766	0.00400287474625638	4.328380774174637e+17	2899163353880745						
17.06193548387098	7	61.2415897258162	0.004509369891078708	0.3938031350777726	0.898517600676583	5093637030586394	9.207236851457489e+17	1.058169322515601	0.5040529142029686	0.2603851787797268	0.008218761437839062	7.161501089262586e+17	5060335611414080						
17.39691489361702	9	37.0525134959246	0.002016058495360468	0.317219478973216	0.8586318722999898	2844134301696052	1.646278597383384e+18	0.7161984167226322	0.3664405018415201	0.160009724358721	-0.00398369449138225	1.673873779581006e+18	5814732728819084						
15.46393939393939	4	39.21901199897965	0.003814564213029534	0.2207886672427428	0.8726530449245319	2013881613520242	5.843052167976257e+17	0.6605299657181443	0.4230249472028055	0.1406102715467731	-0.0003824671366930987	7.183752420242145e+17	5006718765770827	0.2301997985314665	0.8733458415468668	0.004165258999628588			
10.935	9	37.90995771721246	0.003334799254147721	0.1716029070572211	0.8798594910012922	1165264477334412	1.29760326411428e+17	0.6049564418083285	0.4276554869053301	0.03563753691514573	0.002523759177635698	5.80575946459252e+16	1177566732082268						
13.8458064516129	6	27.54663824553445	0.001881286836696474	0.1797468146474119	0.855189063495351	2738831640794554	1.173025562132382e+18	0.5880763890010291	0.360548485132101	-0.02463326774386718	-0.004370919015499131	1.39249054269038e+18	5371558258518931						
6.833333333333335	7	27.98675638027088	0.003398952144037696	0.2877111420407902	0.888300960008963	2536773429556508	4.853576894412728e+17	0.8243720795395232	0.6269123851079994	0.06884935979667295	-0.003498408749822657	-7487465048110528	1907140799592983						
33.75055944055942	8	7.824269601549837	0.0007305352269834622	0.3411619569321532	0.8895451346777233	4003967111419476	3.756310649719886e+18	0.8254458501957036	0.3048681019960655	0.08960760770059512	-0.008846261855248505	6.526372359588257e+18	5319452063089520						
14.74836538461538	11	45.47710447202906	0.003258490238156216	0.2540675248666975	0.8557998675128734	1978321669488718	5.865471923087287e+17	0.4975735215485855	0.6458435482544593	0.08139967215900068	0.00426059429313097	2.301673410502552e+17	1895130898651914						
7.052499999999999	5	41.55942309240175	0.002831621999608938	0.1868427170315	0.8909182039074989	893775917959925.2	1.814354816966086e+17	0.5745034473663154	0.7000743362920223	0.0330843747259533	-0.004657525023677	4.792563420157722e+16	1019833925995026						
7.697142857142857	2	45.28341323842336	0.004104139851017085	0.040948146775189	0.8423094617846704	583350882375652.2	1.153232394962666e+17	0.268315104972445	0.5653777906246529	0.08697335908746705	0.02209830732865636	8.546343764153621e+16	780735616794726.5						
29.79854166666668	4	43.64971528431371	0.01112805834327745	0.2549766409049326	0.8539129416850963	7958272283719972	5.840544446209444e+17	0.6123261610841974	0.5517751175241574	0.1882813467643639	-0.01465859552259241	2.857629010575859e+17	1.071762439162574e+16				0.2484158614100644	0.8601856297736939	0.009078746588409009
24.15583333333333	9	64.35854019150317	0.007925148105764297	0.2887322510787468	0.8884959014683892	3822261589664454	4.749760065317942e+17	0.7727860209718485	0.4485150728463655	0.2666205770696128	-0.01002766218562923	5.669470115325794e+17	6238992724744248				0.2335246782050996	0.8906363941498703	0.007372377494241699
30.66612903225806	6	60.38458576880109	0.005454943617429985	0.3263393844811693	0.8770071056184953	4220210950118100	6.951582490748084e+17	0.7747372768444447	0.6475087340967151	0.1905777225709815	-0.003472922225658093	3.006479145801596e+17	2347089943602986				0.3072082861254669	0.8791650779533585	0.004883509506803638
73.43727272727273	1	62.34431282812139	0.00277139479797135	0.1642122003692824	0.8973619515481858	1272580953549726	2.982416105185002e+17	0.8140925316856498	0.661594976837903	0.04809816101208331	-0.006807912951126038	2.005918442225928e+17	1302448230698516				0.1853547617000445	0.903502103915287	0.002122195390771169
10.10191489361702	9	33.03806637580936	0.00642347704807136	0.1522855005885734	0.8625586400698226	1851653777079365	2.758772386148207e+17	0.4468616520056011	0.5120941265874965	0.0646304601554403	0.006456195455502245	2.135221102302814e+17	1979034398482877				0.1648082195821511	0.8619605094891852	0.005787299758551825
14.17882352941176	4	66.29464887330896	0.005835108869908054	0.2201747233111874	0.9076296250099734	1820999855067978	2.415879224097437e+17	0.8560304704690218	0.5923381108866586	0.004724304681957031	-0.009891830283004666	1.30541862137917e+17	1811378566518444						
14.07428571428571	1	52.40852071875555	0.001222745691011233	0.2044089269850611	0.9017291860171317	493271620277807.8	3.107734976998577e+17	0.9290373370733428	0.7134263324756773	0.1657784422819461	0.001592737188538251	4.125877877835923e+16	406452194365388.2						
20.02666666666666	11	34.28324741193561	0.004857078342682189	0.1554976871689532	0.8829958282144532	2830446033278424	5.496756529368673e+17	0.7622117954387017	0.700326724200578	0.1175530871582098	-0.0105329630801152	3.010674398142223e+17	2471373518980652						
23.72260869565216	5	34.5588299245695	0.004257116222475234	0.09187854743740537	0.8993442869285503	652347931989567.4	1.56901842901393e+17	0.5253221861178831	0.6872074897647442	0.01258022266883035	-0.003502060498461801	7.308249098808254e+16	741472151672445.2						
18.65315384615385	11	59.73695694343671	0.005462448697459153	0.4199539156725591	0.8663332461238108	4859340966269491	8.459614998959688e+17	0.8486257452965916	0.3659009988522224	0.6392580061995742	-0.007876732425067812	1.45545934623618e+18	9837178134821360						
10.80223880597014	14	53.16709620096584	0.00230349404721788	0.4094777636827144	0.9038863209327478	3611328326908165	1.303989034135491e+18	0.968600289433263	0.4193793397836792	0.4158841553167179	-0.01073314356808319	8.519226207258026e+17	4278220563951680						
15.15666666666667	5	54.83583011256597	0.009331237115517924	0.2028175338182135	0.8934467996320598	2379003039339496	2.359076205081534e+17	0.6061923643328527	0.2488007305038321	0.244001848291136	-0.0007130906712774499	5.224774919735848e+17	5320611830738194				0.1603241953656595	0.8913231623143159	0.008841578568940947
19.87763157894737	12	40.11006792464483	0.002357012074437449	0.7033059140631722	0.8846841660536703	3882221471260024	1.868266636719951e+18	1.198171856027272	0.3871610492661172	1.318259972939419	-0.01351957338540666	2.722726066464954e+18	8502709352591751						
16.81714285714285	4	60.06560402368965	0.004633667537171732	0.3539534645368955	0.8880023057933781	2425910013071306	5.530777936053537e+17	0.7496348023603255	0.3036572229263138	0.6936266412755767	0.006838331266468045	1.034103024224175e+18	5769163833436898	0.4897568486293702	0.8929965479854396	0.004908933053669027			
5.35925925925926	7	43.66570904170154	0.001493730168475989	0.190681324484851	0.9175498003278881	1112133863873559	6.072155869151873e+17	0.7357256889433372	0.4539283268839289	0.2010111707934867	-0.007693405423320421	3.890739516139475e+17	2045229114634974						
9.830833333333334	1	25.7283082836805	0.0014400190187338	0.4034739768460343	0.8883276859809744	1441708825634862	5.842366075845055e+17	0.8464019908398351	0.6110423074845334	-0.1730079372249976	-0.008759504052772593	-2.473732906941152e+17	1102679325367772						
8.532	3	72.7008246381869	0.001642270754874236	0.09525124038358354	0.9087234278596591	435500957453973.9	1.040686595405808e+17	0.8091949540474535	0.7074622596746774	0.09004249983779375	-0.0008085682245727588	2.681537219898747e+16	172052156905343.3				0.134797276284343	0.9083260317189732	0.00182767860892022
18.61687500000001	17	57.10764955376144	0.006544431749195018	0.3372179036734652	0.8869951694258688	3053742204370188	3.552568884557759e+17	0.9353628452748191	0.3318002871188547	0.3060972766490174	-0.02259043804687533	4.180835697374678e+17	5006592679076734				0.3597316771613487	0.8938862431671474	0.006527023148651666
32.03696428571427	8	36.07211402118715	0.00792819959753671	0.08998427048038651	0.8562019334843869	2613242908344098	2.80013694452616e+17	0.3619433290549669	0.5150315610913569	0.1129330723188423	-0.0048576329465565	1.866164915234249e+17	2839191317681999						
18.04684210526316	2	51.38756350227251	0.008285378420429593	0.1597390558865734	0.8871380290053437	2257444504384433	1.683223157347084e+17	0.6763531230488117	0.5590690543231435	0.09072587353031764	-0.01365173842955014	1.15250656488377e+17	1930952458954798						
15.18171428571429	4	45.23294848637659	0.003998174665928962	0.1879783904518507	0.9167557061115508	1185398866663271	2.225749391822768e+17	1.063646117644455	0.4510939319902522	0.02996952263641139	-0.004130813930936506	2.262895497634977e+17	2412899593093600						
13.635	2	41.34603178694577	0.00311958511057245	0.277984188910663	0.9048192067464126	1406097133040529	3.650383800330813e+17	0.8747278674998827	0.6232401804134337	0.3735723119254197	-2.264834171816776e-05	2.154492035802859e+17	2787342464380062						
7.179999999999999	3	24.96390938522529	0.002755447859088763	0.1296991830040609	0.9211980392441728	1076422814558751	2.654810403073062e+17	0.9931768749413767	0.3878323717435686	0.02942246108132118	-0.0005330693199278036	2.925955667713875e+17	1547757396694320						
15.208	2	47.10574334516565	0.002804562259027958	0.06870453625610824	0.9106942535523934	389979579570164.8	4.697181041020105e+16	0.7204659249539976	0.3401571700018918	0.0111285663996594	-0.0002078477392652989	2.169166072133202e+16	268711393622130.4						
66.64517241379312	7	55.17045256879951	0.009762259411112228	0.1689712043855767	0.8669926230701098	2370398308986593	1.701637692440398e+17	0.5415744627751338	0.4154438020336651	0.08248169658445195	-0.01363401637538808	1.173726862895772e+17	3675539484994390						
22.05155172413793	13	40.26694516744593	0.00708535625141898	0.2337981834955215	0.8605836477782874	4957883159351550	7.273979846807258e+17	0.5960396187174822	0.4491731468201576	0.1997232317172375	-0.02881455247516806	6.63342797590921e+17	9369984718679554				0.2055450168338409	0.863973969568911	0.006996669077761492
11.88192307692307	9	38.16050107179971	0.007417943171375486	0.2472316763319166	0.8938053098475913	2757516814535700	3.887991795653743e+17	0.640754709851204	0.4017732348407708	0.1441336052012584	-0.02249662773365835	5.110685432889834e+17	6640917049518072						
16.92652173913044	6	55.34101979160634	0.003175889808406961	0.180865640274799	0.888176041793745	1605990902271453	3.995725835716388e+17	0.7449819689277483	0.5600206846957008	0.138303632983621	-0.003531805984601788	1.521163690755455e+17	1415398152891774	0.2027971296826497	0.888931518060158	0.003818920130847866			
13.35	8	44.85464809649692	0.006767425392773861	0.2294618016132189	0.881206846151222	1739868791653890	2.0149707764362e+17	0.5668386312706943	0.5584978399705323	0.08749791606732901	-0.01499761516459275	7.40254583013823e+16	1902693119485810						
65.85173913043479	4	67.21459396608243	0.01023256060400394	0.198681610636789	0.8454422650074327	5884664857425824	4.347002716823469e+17	0.6104058974369868	0.5895694279106917	0.142844118187234	0.006190789901451388	2.477269240167272e+17	4982254499880047				0.2209378468351464	0.8661901479894606	0.0080345592964016
35.0103448275862	3	47.58035345983339	0.005337435179501868	0.1362037795246227	0.8383725959880399	1611088512634417	2.21055081640644e+17	0.5223822983965325	0.3275687391431788	0.1993095368782253	0.01130480508685039	2.242431387806897e+17	3856841939684332						
23.4695652173913	4	51.16054755360482	0.002254758449089696	0.4936538326113156	0.9163748030086171	2214427072888073	8.852115364154737e+17	1.153525680184685	0.6923914445743489	0.07439573961261342	-0.00216631234081921	2.708639012111968e+17	2556069513130950						
20.424	3	65.61560855079038	0.009534394465098114	0.631442535593331	0.8453264283103322	3952938314158188	3.406880155284949e+17	1.010902856819939	0.5503386034915226	0.3076539047923743	0.02601403475745512	2.139878039536211e+17	2651842658469554						
21.325	1	62.49365843745587	0.002419846890569453	0.03560782244301491	0.8689214596007052	682842868138878.9	1.400276141323226e+17	0.571709727606862	0.3323712043392106	0.002909065216064176	0.002249145185306056	1.146770718621175e+17	720249012613254.8						
6.896212121212121	4	23.41695673850995	0.003100446223112932	0.2206556680347734	0.9190624208083228	1259822925399963	2.855243383387256e+17	0.7597692448356705	0.6019227198787428	0.07798641035586878	0.006909702751525693	1.291651093908979e+17	808426568985059				0.2113417078277541	0.9175146056728031	0.002821524261516467
51.39146341463413	7	40.7039669167765	0.005860298441131381	0.270138144912679	0.9165315740235257	2584250172082548	3.37891976484991e+17	0.9823157676955566	0.2721935387205364	0.2481071201734049	-0.01072144074766779	8.263733808255039e+17	5321324225585446						
16.96546875000001	5	62.58883247786041	0.006566965187050279	0.2489887275579319	0.8987347743016805	2435717036165518	3.818790162753051e+17	1.088503605856435	0.5570265359888332	0.0318882706831789	-0.002372206060016202	2.489955621646296e+17	3205916571979398				0.2714390190149767	0.9017850245087866	0.006461846355185648
23.88205882352941	2	57.50850647719088	0.005721674178897912	0.1669644769947267	0.8955999134742577	1643516186929511	3.039486859315343e+17	0.647077122425249	0.353901786797544	0.1440443186992787	-0.01703159680665467	4.427255439580822e+17	3923926819980297	0.1715059302242367	0.8919335532185728	0.00631876689095615			
12.42961538461538	8	57.9261490710093	0.003881760549321474	0.2363818439136843	0.8963696575906785	2242196841383273	5.776683471455425e+17	0.911762234203066	0.3937909975942412	0.1605795883824247	-0.01599464461165256	8.191690220857503e+17	4794748824002672						
13.29564102564103	2	54.18183545703324	0.007753033997095769	0.2682364333858947	0.9109436378204659	1402347616531381	1.24155341550618e+17	0.7636371935296918	0.5631927128055414	0.3218544281435638	0.01652046736493196	9.919796189803392e+16	1828406991054680						
14.94178571428571	4	59.43024031617295	0.006795002436424189	0.1655876716271132	0.9182596148027308	2157093511886094	2.976298523550966e+17	0.9832406441079654	0.424134099844834	0.006448316945590393	-0.00314240912231134	2.843716070389393e+17	3627099615796100				0.1787761726748689	0.918807900100189	0.006482851554777419
11.6165625	4	38.02161351489537	0.004533528562940987	0.2394541270863359	0.9160683909199977	1388534060875346	2.481707346657813e+17	0.7919118126456871	0.4937227498450825	0.2021140968362192	-0.009024113382869015	1.514239242400597e+17	2591978454180679						
18.80586666666666	12	62.20248448562963	0.01030131885165191	0.1453646480939681	0.8608557402477531	4755553264151066	3.900411584659937e+17	0.5164929057930705	0.6613818237377899	0.08471637239889104	-0.009890665197405779	1.246143139117046e+17	4459335678968610				0.1341733501604781	0.8667931503456406	0.009056158855225743
9.556041666666664	4	54.38911033872805	0.01176152635649996	0.07186346286408783	0.8908335323123778	4167107269596182	2.552584175240093e+17	0.5987020495868798	0.5236875244800845	0.04351317607843184	-0.003308825752054378	2.378953526995884e+17	3730966552439130						
9.053999999999998	6	47.63669111711513	0.004984630054588711	0.178976421877592	0.9259223162857416	955652051543564.2	1.438322831353735e+17	1.138657222241775	0.391361433650518	0.1068782387639274	0.0001383982049464327	1.491692424544145e+17	1412660153334600						
16.87461538461537	16	63.24622332743877	0.00660377047155692	1.221475596195251	0.881771163172289	6084104890898495	4.518931743398988e+17	1.75618031613741	0.4607197263270908	0.683244742915966	0.006394796596769448	-1.377429091368224e+16	4166127995236849				1.178882513354569	0.8821438471510965	0.006548456341068189
26.29308510638297	12	57.70850909341991	0.0079277904178105	0.256485529558533	0.8848680427006244	3949321217504570	4.046093234244058e+17	1.158810801829352	0.5340914385199769	-0.05126198336615365	-0.003171202333189571	1.70965922911511e+17	3362106753978754				0.4541352562481641	0.8877808274748338	0.005728889210524485
10.57	2	58.72267326784068	0.004737710355496885	0.1120297096558445	0.916873132506383	727595554379372.8	1.009293835174428e+17	0.5821474502041694	0.530130889156989	-0.08558410102457634	-0.01206501138186222	-5.543538230986381e+16	220018758691456.4				0.1031180061077641	0.9157789948499508	0.00523742741856088
10.472	3	31.04246999261007	0.002781358883393742	0.1517806327437295	0.8942265132869911	796026693190184.5	2.024628009264321e+17	0.525887972460533	0.2715350221104826	0.07661159976505419	0.007432726278405744	4.605899070505292e+17	1817782937185206						
17.19268292682927	18	54.69928145007834	0.006319027296914018	0.1791966323625526	0.8964537356265304	2719356698712980	3.191884741605375e+17	0.7290722418143163	0.609905536522695	-0.00372652334899598	-0.008967030166215695	2.448921374736461e+16	2945849807540776				0.1735216316001084	0.8973398718201079	0.006383238860155902
31.81357142857144	7	59.35211507161843	0.005205139689444542	0.1669687265751271	0.8654486709080842	2406382707385894	2.621274826579554e+17	0.7310161993862285	0.5315946908307163	0.1814049267152322	0.01061784918135256	4.851186764904582e+16	3236158802513470				0.1494801755226499	0.8706262009695556	0.004871813035766062
37.10464285714285	4	57.11027550565118	0.007082271417841608	0.1488152670441124	0.9003110971390521	2102947661947350	2.255427029743701e+17	0.7593946399577908	0.485577069363704	0.09485633619511857	-0.00568715911767026	1.353247967258099e+17	3373521180299886						
39.63846153846154	4	53.61142272286042	0.01087513755804958	0.2546103697829244	0.8969789057628396	2765463972927938	1.65379892617572e+17	0.8048037648911912	0.4084684471698726	0.03295388303442137	-0.01159881183750833	1.794424568230047e+17	4264965713476251				0.2344337587039199	0.8979207013112583	0.008912293934735254
30.02212121212121	6	55.37596140364163	0.004208590662397317	0.1887671852643724	0.8902785089532833	1485531224833976	2.769713043548261e+17	0.6946580926050762	0.5146239114383701	0.153744968947133	0.002530619556437963	1.840333706211366e+17	1921660428087770						
18.81741935483871	4	33.38705624340859	0.005064252147741801	0.1569735424956179	0.9210298576908481	2943344410683476	6.314066205134136e+17	0.7614685269850466	0.3699976618407134	0.007728850518731428	0.002285817369538257	9.516509748578775e+17	6159219438098048						
7.823188405797097	8	55.40772572201546	0.006065794615454741	0.1068314256034104	0.8787326901716982	3601225148266790	4.051680300964024e+17	0.6015294046105887	0.5677497870405113	-0.02077487193374616	-0.0192204463273965	1.92812294942263e+17	4436994548540174						
12.38387096774194	5	57.34770891464208	0.007851630255742727	0.1954462743498167	0.8687148085791024	2645025181816388	1.923844053263524e+17	0.6683932670691329	0.4178801541844375	0.06558121658231156	-0.0065159898708671	1.449521166119195e+17	2479271687309821						
20.41545454545454	3	62.86126148389753	0.007840964525652116	0.1511656736667411	0.883670402532403	1661861695968653	1.024093146911533e+17	0.6428677922491309	0.5733816236563497	0.2022723429894033	0.02087472473974061	3.772905266203346e+16	1137593188320025						
37.10833333333333	3	65.03584649775763	0.01115217895310983	0.06628271038882594	0.9058765069989286	2193683918787283	7.812706556251171e+16	0.6599740880035083	0.3251942233271984	-0.02074432107662642	-0.007242009579982667	-8085115175409280	2183000064067238						
6.283529411764706	1	53.64549310162852	0.005189023776963995	0.08779764635227762	0.9280421099529308	1455993216884490	1.782729651812075e+17	0.739494068111255	0.4898109798004545	0.1900451566868044	-0.001694989949266867	1.54557562250467e+17	2292596522316005						
7.834444444444443	3	57.50297920024437	0.00530153496208643	0.2427361138806882	0.9143286790917187	1400363832285335	1.852259497404915e+17	0.7245155674872831	0.496031601303365	0.02974008591908972	-0.007461998410574155	1.129627574682256e+17	1350090481007837						
13.41414634146341	9	39.40867224200934	0.005315740775375396	0.4125837692597765	0.8880381899780908	2780357481347162	5.577974830979016e+17	0.8244205303080446	0.3794694925312477	0.3276579297323029	0.005181436863663569	6.458693926495602e+17	6706519657055286						
21.98081081081081	12	63.07370138247868	0.008885113575442138	0.4714290369229162	0.8695994672582953	3609971218683478	3.395578449904163e+17	1.080237857386862	0.3856559891577334	0.5675807742927099	-0.005173295049472171	4.208579816177542e+17	5544567856178248				0.4804177448132675	0.8699749433543998	0.007449312788953216
11.86087301587302	27	58.28621042877159	0.009453576691918132	0.1448065853742799	0.8607992604863178	5467053056899258	4.841544089805399e+17	0.6510491429515182	0.5765328098844533	0.01084868773663775	-0.02489457727301048	2.731956796452715e+17	4391671708585185						
14.03358208955223	14	56.69004071034745	0.006421346763602333	0.1954373793227223	0.8760847078311321	1752102449353049	2.278135807842886e+17	0.6903701064813739	0.6269134404732803	-0.07918871654909843	-0.006331810783874015	6.004585246435974e+16	1162795535259407						
12.744	7	59.23025567599571	0.008476721386162952	0.3576681426944742	0.841813201239736	7122991531250747	6.20892843886239e+17	0.9003138970986031	0.4058159671424596	0.2723324495433246	0.01246715116542951	3.409990669065491e+17	6639619402453701						
21.2245	4	67.00327057774808	0.008520977581470386	0.3087170437942011	0.9135310873420744	2057433501078964	1.167218690393331e+17	1.133145025022905	0.3258503233046001	-0.1151939315053744	-0.01269457725549383	1.02998565439167e+17	3021432018005270						
38.642	3	57.32662661796199	0.003523753670950713	-0.004951635991407557	0.8322579452862704	1892047159941473	2.164331609018974e+17	0.3064487169286368	0.3940937201047391	0.0330111971257103	-0.006703043237968331	-5291167868554048	3558764632342342						
17.4615	3	66.2669266403549	0.006394872106485667	0.1626009644823553	0.9099418560929914	1842467381133880	2.095647359186723e+17	0.9486200282888029	0.5699479894515922	-0.07660752548635094	-0.007730261008594086	1.129101425434397e+17	1241301266761973						
20.40857142857143	6	68.40543488968565	0.009874384237992596	0.3012685785330032	0.9202230636140395	1643141219757028	8.742898532948066e+16	1.026260577653719	0.5301724972441362	0.1222992662851834	0.001851559353629351	4.127726973729125e+16	1816541025099316						
22.118	2	64.42074092988489	0.006986876571861155	0.3106931195558664	0.8864003649277262	1997953598894644	2.033673357140299e+17	0.8101341278279831	0.4059288407544338	0.02274501936108914	-0.01333885993518669	2.16635377630235e+17	1716970998769358						
9.294	1	53.73820987841781	0.003597276086155907	0.3424527818323073	0.9157736056613981	1901874877260335	4.611852712756999e+17	0.9069446173221785	0.4128685137286973	0.3209426992351264	0.001528746359811484	4.862562834993451e+17	2892011451148106				0.2943427865305037	0.9134921200505055	0.003618010328577396
6.153846153846152	2	60.40501710415205	0.004040774725318278	0.09749496306519244	0.9272998091589868	1672803887403560	6.470385502848932e+16	0.8049142689765776	0.4229463731026095	-0.05099012244368198	-0.007230493628939239	-8098515454958104	2540006206916950						
48.21071428571429	2	45.51931947768436	0.006837062395650651	0.450856422274256	0.869273192578544	4879573134358717	7.188092563050945e+17	0.8755017661462602	0.410419526076742	0.4001341582200627	-0.003885657528660102	7.965866642407539e+17	8545975144020904				0.3796240232400017	0.8677905345324398	0.006548406787937059
52.8570588235294	5	67.15206542643466	0.02041878754178221	0.397716323465901	0.8710345950961758	1.780900604723042e+16	8.167647107378344e+17	0.9111800075739862	0.5182170664822819	0.3079961705675144	0.01080504269450822	6.045282196329358e+17	1.88563692472237e+16				0.4356510226288792	0.8717603949573473	0.01817918296016725
27.94238095238095	5	66.64414556101259	0.00887058012125266	0.1653607040729914	0.8202288029147631	4094178344682200	3.841546537840013e+17	0.3980433594864563	0.5790705342921004	-0.129558640302868	-0.0221670925376537	2.227348473566364e+17	3412849502889457						
10.02769230769231	2	32.2119714652513	0.002208637436621376	0.06907219812093221	0.8959632299560772	859457279908376.1	1.769229257672545e+17	0.521449770224634	0.5487035829799415	-0.0003236790753491092	-0.01067420690538967	1.169885574055142e+17	1081228912991817						
21.041	3	60.4692592211667	0.007077162112142541	0.2187877781620136	0.8355455298103803	4832918894387808	5.576539636291771e+17	0.5542506186138033	0.4835434886144119	0.1274487411616291	-0.003257530319821456	5.246060337004618e+17	3608645202362631						
9.254090909090907	4	23.82331157837866	0.001217739767082289	0.1294338121483903	0.8992224560198447	589161250824792.6	2.299235236928152e+17	0.5871450944506622	0.4603130325357708	0.09437595880690804	0.007031801176329622	9.127114403127299e+16	567229172667149.2				0.1255643980799226	0.8946344651320982	0.001128330806946998
11.43875	9	45.09838889839964	0.001249942609160775	0.3407184799768929	0.8823714699933237	1293471848650148	9.143489114073656e+17	0.7063667708177177	0.359879217585987	0.4267321859406774	0.0006977727074202189	7.696938042537128e+17	2559890050598756						
20.99692307692308	4	54.62660764484318	0.004943811905502112	0.1701013964238079	0.9120973487923	1488654636911634	3.192514631422164e+17	1.030506475124882	0.3119582020790062	0.1090746313914056	-0.01469437336575286	5.545320414087651e+17	3604066894536726						
16.5275	6	60.14005035773452	0.004090617789012466	0.2266158405008918	0.9134444583330786	1228663434461381	2.415385647344564e+17	0.880254882625492	0.3547922093359295	0.173038654016701	0.0006224713156035566	3.49239043101713e+17	1960641053898750						
29.93692307692308	6	58.8124752454335	0.005778107091935205	0.2653313786426137	0.8830071882506374	2879597853190636	5.029532128862628e+17	0.7524828637997343	0.3774449191833233	0.4792784874262821	-0.0009547354740129244	6.777169867246797e+17	5431423370292718						
12.93142857142858	8	41.90214472670679	0.002168769071395757	0.5168728490004731	0.904866987157108	1339709007310502	6.405728580558802e+17	1.202397257402762	0.7805728484897224	0.04336458287799483	-0.003410558824987975	7.522014354296998e+16	1139811937455104						
17.0708	6	36.43900110341078	0.003333620656675852	0.1413282360654223	0.8919086654618366	1259353038338594	3.021651932856782e+17	0.6187548124144301	0.3409651340910269	0.07630266253067042	-0.006339004860439035	4.167340450905295e+17	1828862701928261						
18.85064516129033	10	43.83279792459429	0.002800160913008877	0.5090548149253059	0.9016079772451452	4907707097298764	1.772663547077489e+18	1.37692381429856	0.4609771315618959	0.7950148436334367	-0.01503092532359407	1.963551949173257e+18	7474526915002801				0.4461700226900002	0.9031485583323755	0.002701666601315575
6.788571428571429	7	20.2372858624706	0.003678240529092452	0.2100024188021425	0.9026106422121648	1886688825864494	4.740098921861276e+17	1.028802974129102	0.4303021311576555	0.01801850761988541	-0.007070071083697393	5.271493207218022e+17	2236661507583795				0.2776637905873496	0.9024868420646629	0.003082709470285515
7.927	5	52.11117609356744	0.005442008708385345	0.3338538232692996	0.9161817001772619	2963440722953496	2.999675469950632e+17	1.013184096226396	0.5363628356246559	-0.1100301935650884	-0.01223447583784865	1.463874141207949e+16	2039418650818326				0.4148691705901386	0.9160410659584698	0.004760180844570608
24.39017857142857	23	57.49652188010322	0.005843112502361384	0.373302185036313	0.851409665774014	8384976782780047	1.293402278306908e+18	0.7688495962650257	0.4260951552331074	0.3425999152896934	-0.007019714704980529	1.368939914593435e+18	9944944246422812	0.4635486010165987	0.8462531424070078	0.006006424958239258	0.3133753278003066	0.857523450409582	0.005618690944912989
11.33740384615385	4	49.45217199511693	0.003693830833152988	0.2329645286254795	0.8547341381497076	3416859582137986	7.722836390954479e+17	0.5668716104477336	0.7727080802806574	0.1288384796706544	0.003573082440456066	2.234339569219912e+17	2708649734624308				0.239446360798936	0.8540144020045796	0.00332140839957595
16.20804347826087	3	43.68588618966854	0.004789010968604691	0.2103933647674225	0.8516312261732789	2104503448580608	4.180895833522903e+17	0.451838342802076	0.5314198425085223	0.1659464932443231	0.005772299687028082	3.586892865181788e+17	3308086328591086				0.2039859159100092	0.8565856943724147	0.004457664099537887
7.494608695652172	17	56.52646105528903	0.004717458502592469	0.155300403000731	0.8750024945238356	2333917320409968	3.200378786056319e+17	0.5246405314952848	0.4899751769388285	0.08397285284365183	0.001485606886173829	7.413984494693619e+16	2122812482217494				0.1296506088800432	0.8722151987220965	0.004110146285313346
6.058484848484849	4	51.63447894680818	0.003686527619042026	0.1078503058644447	0.8534395522701934	971594926198951.5	2.173007565276251e+17	0.4173600949926853	0.4862302372018732	0.1544599971380687	0.005724250300528699	1.482601441405577e+17	1523828703987932						
9.01923076923077	2	43.68414987174626	0.004632713982017417	0.08009557183046234	0.8507386694054977	1014638066166357	1.081450315545423e+17	0.3570389336992255	0.6247590683704098	0.06839567434934737	0.008739204370317055	2.182516100648155e+16	1340934197226424						
23.43672566371682	12	41.43739113412474	0.0022639765426185	1.461680227985293	0.8946865926919122	6297146988452231	1.989197842295902e+18	2.036282700611633	0.5359490531455886	0.3732208595146387	0.001837932401942299	-1.982673341831665e+17	4635045825120119				1.340671016745574	0.8968866478323951	0.001851951925115843
7.608421052631579	6	44.68183591495363	0.005479312517946212	0.3793203799897708	0.8875095660335728	3195403644087469	4.740421726438442e+17	0.8173071486232917	0.6050575778251207	0.3696955581905868	0.009724037038887468	1.087610169447919e+17	4317603080772250						
6.786499999999998	1	55.30463393068946	0.001590219651384362	0.07885005144230561	0.8537364350879011	1000620662862433	2.141917672549292e+17	0.567411150528001	0.7149577376307586	-0.00673967543545162	-0.001051342155501622	-4.373466261980678e+16	833749970861564.5				0.1206091685756712	0.8642160572095554	0.001621507832665841
8.139374999999999	2	55.12885113164292	0.004272015529471056	0.105074407648681	0.8635276387097243	966133502546474.6	1.516917150251357e+17	0.5441274729024312	0.4245281025933595	0.03039460050120944	-0.002694811965455735	1.776578348588628e+17	1654444225319253						
6.038181818181818	3	47.68924053665803	0.003676611007274613	0.108131909903238	0.8745095666927772	830613349043646.1	1.222508006305402e+17	0.4808993123780603	0.3706353398127968	0.07926111312632321	0.004497536180213313	1.460993027717593e+17	875598079554588.8						
8.595384615384615	7	47.84353660687008	0.002192368204248939	0.2059537839708411	0.8700263906927245	1561217399042212	2.057304453206185e+17	0.5757383424383091	0.6920103356863557	0.04883670252926708	-0.008338451112641421	9.988741343241168e+16	862476199076285.5				0.22895073651958	0.8717121544589105	0.002625522507815261
22.35319587628865	14	61.46327526942363	0.003455332647422156	0.3747686935771559	0.8579605114196467	3888844982210272	9.017911155334036e+17	0.8960765236852788	0.4928077323634269	0.3691463281591291	0.008493228110709294	1.067670414042249e+18	3900781424785894						
18.0452380952381	19	59.24013023208016	0.005963053629831211	0.7447015494784343	0.8700268521831171	6440831483514742	1.241640634387868e+18	1.284400702886164	0.5300273685984968	0.4498947307201804	-0.01335473538622656	9.934553613729486e+17	1.186936697782942e+16				0.7169312087272384	0.8717092782192605	0.005188552460544207
10.25863905325443	19	63.69124490244042	0.003248206282626291	0.3427293965192266	0.8855940240030316	2858094729193340	7.871063925735402e+17	0.9907891256341774	0.6212352421750398	0.2095374352563222	-0.005207437168582851	4.538837297234921e+17	2407932419852604				0.2795732432048892	0.8859184204272276	0.003066101349138288
11.443359375	10	32.30277572100491	0.003741933280630951	0.2235240102035781	0.9154013031821568	1869349191593104	4.654057882371433e+17	1.086078728313612	0.4381563860171677	-0.003444204736973017	-0.0002747096729784904	4.421375968885991e+17	3076421287046021						
22.59051282051283	5	63.018197556857	0.00544509187848087	0.6273697223885223	0.8541607061871027	7564895144024972	1.219764755237024e+18	1.092950282317321	0.5325610085896304	0.4466255269506748	0.007121419581167299	6.823759883005645e+17	5198174415793776						
20.43809523809525	8	64.01685596728481	0.00434805256430109	1.149327176414851	0.8717873788192291	7978492997723812	1.665886174790535e+18	1.60933483676189	0.658350060487043	-0.1116848449963701	-0.00862980965931659	1.156365711438328e+17	7340552178114670				0.7899425060742815	0.8731453782754264	0.004087589765404078
50.32307692307692	4	55.39042470976671	0.01416970313639549	0.3675090302696118	0.8805344496604307	6587702734550177	4.086077799503881e+17	0.6914625591383312	0.3719598172218416	0.2669258010500027	0.00611909330236915	5.188591077323116e+17	1.355829822297982e+16				0.4052793095646989	0.8804896607226486	0.01292780174843122
17.20555555555555	5	57.88166740131432	0.004027541992750922	0.4518073612481313	0.8776437033916641	2952061090071720	6.659560143859165e+17	1.163447572824265	0.5768032866379015	0.428552399623518	0.00537754141445923	4.187087351732018e+17	4364589870096373				0.4106452676536343	0.8767549947472876	0.003277737316139988
15.96837837837838	6	60.10949181446713	0.008134739510548564	0.3208667493823538	0.85267236082325	7017580560764211	7.968191080009152e+17	0.8854680332004713	0.5399381997732172	0.2293080086584842	-0.00210109127627589	6.297201412113556e+17	5713857378645069						
19.07058823529411	4	54.34840879932991	0.007236847520005408	0.2558859231532008	0.8466056298818279	2975013416155123	3.549158698937548e+17	0.6599215200943653	0.3375148338150191	0.5297692531963172	0.009943961638640086	4.192450456785963e+17	6505329522321374						
28.45	3	66.08080729409407	0.0164431201275662	0.2212807515423307	0.8646582208679252	2527936009002426	1.439973441294001e+17	0.6001495386186029	0.346582421133346	-0.02130168318189199	-0.01738770885962704	2.431567949940418e+17	5741853474973612						
9.175272727272727	10	62.82684460089261	0.002268655274633547	0.2816738431576733	0.8908641628946431	1304428822451707	3.455048930912871e+17	0.8052311062832751	0.6415118353978932	0.06088231023700885	0.0005297112522626435	9.951681043378074e+16	692383229270564.8						
15.18034482758621	3	60.87774551384111	0.00341909963901033	0.1850344738173584	0.8746295399838498	1442342955398143	2.977628274913663e+17	0.9626971399583062	0.3734854791094023	0.1560772347122311	-0.001580022912608392	2.416847894051051e+17	1754835038690149						
9.239310344827587	4	56.0383983515707	0.002999639757711682	0.2123866907368791	0.8689596477269701	2277698887539830	4.319325407286069e+17	0.6786098234030623	0.7283122843092219	0.1434829835944779	0.006754927249479681	1.069943550663549e+17	1693014973706149				0.1336601765459284	0.8618814278545022	0.002542179401753096
8.245806451612905	5	59.87198434283943	0.003380757622385958	0.2383890464360602	0.8570651312717046	1653732523940548	3.351819093047027e+17	0.8596492643034065	0.5562940889114766	0.1384230119566148	-0.00101473829388854	2.081222848796196e+17	1309631940344226				0.2351595783876475	0.8569730384244322	0.002542764079530896
13	2	61.94702045419434	0.004794596619431583	0.04972058921605813	0.8518109431735212	704697470578659.1	7.097157634759297e+16	0.5190539984409308	0.4292186364478376	0.02380800456545389	-0.003063282977327497	8.103469025452304e+16	586266657881029.9						
8.093999999999999	2	56.13519737991011	0.004592452437683405	0.01919339096159136	0.8527820800175503	923674301323158.1	1.152396533494011e+17	0.5589523145058181	0.3658634593398313	0.08183941951782342	0.01327164144513826	5.620716939138653e+16	1684523770414074						
37.47933333333336	6	50.42984294989481	0.009506002548359741	0.1514236493781556	0.8530989496693502	1.050028921505331e+16	7.267930330840233e+17	0.5220217322730962	0.3871727729615184	0.1821614780950398	-0.006763382689133124	4.007688623337046e+17	1.056381151083962e+16						
18.0866	25	60.57327093644384	0.01036706281435249	0.6792356914165645	0.869010276512692	1.400861849711855e+16	1.426051462865488e+18	1.138556341356212	0.5007849703963039	0.7218984741164637	-0.008172509788841209	1.546591211364165e+18	2.248466244630854e+16				0.6403677311536741	0.8730573064552273	0.009321781599135595
13.42179999999999	18	66.75792197791473	0.001773972393273421	1.420704532660308	0.8757727834341756	6474134575378104	3.463560043627328e+18	2.441057800203858	0.6700475473396873	0.2349959446866703	-0.006223966362968514	1.432243437054485e+18	4042486520428865				1.490362804999475	0.8798169767850692	0.001778619978787
16.71900900900901	25	60.4994188149733	0.003468724459336955	0.6132649276468071	0.9013439716010296	5654411851990615	1.345830670334419e+18	1.608595508027168	0.4402431119828254	0.03867149295580496	-0.0007751991616811171	1.484157903836803e+18	7226773379485377						
36.69511627906977	11	54.47454053351508	0.005657803425496444	1.529412885337438	0.8553343004549288	1.254712185418793e+16	1.981316239929513e+18	2.193494681231455	0.4917738250305438	1.504287294627572	-0.01432261380422195	1.177696303893591e+18	7805312409761872				0.8634802095209074	0.8704228907173762	0.005399650475897708
27.32249999999999	13	61.37710279900983	0.00413283514272937	0.3359113227102494	0.8712016669384162	4355064251044320	9.540412435493251e+17	0.8423209710808006	0.4438737826912448	0.3245081148206697	-0.01018482841128598	1.050442612928577e+18	6218873519893785				0.2559950896232824	0.872185949519846	0.004071025241477942
37.58272727272728	7	68.04125084283319	0.006831267671342726	0.2415529040820867	0.8248050856712884	6767389816472238	9.589023236435704e+17	0.5870237870343628	0.4765225621966376	0.2224751692439674	-0.01495607994948311	8.356647718429023e+17	9445405536672840				0.2343111055311518	0.8302017791337941	0.006461127148029704
17.96814814814815	7	67.39876201028889	0.007543649445977087	0.2932551502496304	0.8214568614589404	6835113834308248	9.103682596812291e+17	0.6375053317873213	0.522031747383462	0.2351619734315414	-0.01471058630264943	8.356234808921815e+17	9614013413777880				0.308707485227925	0.8198079244147966	0.006604717620993537
26.880625	3	64.62017063918351	0.004161259350826844	0.6304360556103902	0.8778643851982636	3616667249429729	8.9642243281039e+17	0.9832056286460026	0.4437963510752524	0.4620082114861827	-0.00744393793293574	8.080048808254632e+17	6929945715781967				0.5006635007451239	0.8742634056493142	0.004012490770499015
10.9345	7	32.99941489652289	0.002404927084014127	0.3202791967219344	0.8841125412195424	1492764573375519	5.461047154508833e+17	0.8220223508441156	0.5418113872973692	0.329269975565105	0.002221076434328784	3.95353655573635e+17	2126411048783752						
10.37241379310345	5	61.89293488971391	0.003155342055950155	0.3223507550848268	0.8737265122956394	2273101293234838	6.919293566784097e+17	0.926004594136694	0.4008987702328784	0.485136883590433	0.01406268822824608	9.287024819035932e+17	3803507192652304	0.4740027459462706	0.8806787783886938	0.003301702293653401			
9.220000000000002	5	63.93479872829852	0.00638532445961639	0.06474736117542794	0.83942483913336	1321209712877434	1.63898559628621e+17	0.3599140887966099	0.2800660435443657	0.0368872285725638	-0.004243519840167354	2.826770931518776e+17	2434869691539379						
11.866	2	67.47607261868282	0.006352925213199107	0.03081573185979989	0.8327825477975165	1537298768374831	1.655435012740752e+17	0.3099203810412511	0.4342801478816558	0.04082389294321569	-0.006089789892743225	1.17711628636465e+17	2090387885573249						
12.344	2	56.3708234042377	0.002614654585098129	0.09198605290923038	0.8528242479337391	895682312444185.4	1.865329457742804e+17	0.5061787091575921	0.3670752359297393	0.1344828037527009	0.009408532889854104	1.758788283606757e+17	1193873815118603				0.09741866123438293	0.8527101809026939	0.002917986520893779
46.68736263736262	8	59.15225153822946	0.01840197782427664	0.2837123126852411	0.8617754072985662	1.431551569868951e+16	7.01846055662345e+17	0.7703893474094827	0.4729910211475083	0.1468589049586033	-0.02774954083170633	6.527711943911049e+17	2.073305380384031e+16				0.2547565625748075	0.8662129713801355	0.0180013343499187
29.78217948717948	11	58.16289623487848	0.01283816406867618	0.3131574441003721	0.8605907622828712	1.392783359267793e+16	8.973128323420518e+17	1.061877618972909	0.5057159128370797	0.05708194046208792	-0.0099713858699082	3.97847031283199e+17	9475277269929530						
33.60649122807015	8	52.12297317176027	0.01955045542704516	0.1554016716898976	0.8657977850502867	1.834904859807461e+16	7.68586440896132e+17	0.7257137109151344	0.4461992940856278	0.06755197465747287	-0.01740761577763184	1.623581843089532e+17	1.622503431271523e+16						
8.73930555555555	20	70.74430906434493	0.003130604126387099	1.272499741314559	0.8766450294084268	8161892027756014	2.507222174568095e+18	1.854976161600961	0.4757785075881795	1.134520338865752	-0.008009448756001625	2.301397631635416e+18	9758494031103720						
13.84214285714286	17	64.38243481910087	0.004970297446976976	0.4058509982165161	0.8841316964342121	4753110802149771	9.486942210355017e+17	0.9144972576437553	0.4329958066443063	0.5215661981654707	-0.008633386960442913	1.082465600740425e+18	6992418833720078				0.3243914837915491	0.8855507000208693	0.004795849959847952
22.3735	7	66.84699575452018	0.005102400033566553	0.6323137309000448	0.8607979557630144	6864286796767348	1.238843275078023e+18	1.182335081907593	0.4157399986294102	0.2175833552313491	-0.02357273549298211	8.12459542576599e+17	8593638262635070				0.6320073360553599	0.8602875660820376	0.00439702466743187
19.13486486486487	4	54.18160187763749	0.00553106020552551	0.1246142722206144	0.8848109448322848	2914203958445494	2.462642617789876e+17	0.5579049106960363	0.5118592449588711	0.01621707846640112	-0.008218385704160003	9.450662656631507e+16	3043397669441192				0.1034828974256639	0.8835918373695898	0.004502739314353165
15.97166666666666	4	27.37063312365657	0.003203792853694679	0.2160492231468127	0.9132331883983563	1282090680924032	3.21974187662611e+17	0.8998672340775858	0.4740569669350462	0.1137345559983656	0.001489946818365007	1.39930240729292e+17	1476465014613688						
59.33166666666667	2	54.22183778925331	0.007019635502789348	0.02510494978107601	0.8694826311268409	1473112991464542	1.086660099139768e+17	0.4687365081977486	0.4643612584319176	0.02519271046727073	-0.01035764819771701	2.648402882703696e+16	3781479113601265						
6.254375	6	48.67343017199777	0.004636254740227352	0.06561309369843968	0.8924673356778767	1451608306190614	1.803632726859064e+17	0.5720129332616847	0.6134170847785912	0.02027935859560812	0.00429946108518342	8.120750263713107e+16	2023709725233974						
8.052962962962964	6	64.71367696399363	0.002895718176777183	0.3842014868577646	0.9146833475282389	1606895572377008	4.345324287863945e+17	1.077698480980307	0.5226511342075459	0.1936069546895073	0.01313625350071301	2.48244314056517e+17	1931013342266120						
10.77363636363636	3	29.46799129488366	0.001757933337125756	0.1869797491083164	0.901373251236918	560411228675517.6	1.240120545481756e+17	0.9554751179287942	0.478974584770187	0.21512938319307	0.01005179771351239	1.501115993962548e+17	424297319726918.9						
11.156	2	57.59285450533141	0.005399706138906578	0.2132060247480038	0.8893584955358701	1580186582910864	1.778526044843825e+17	0.7278113383025174	0.4097312993178721	0.04588802895699368	-0.003883327071691589	1.796200815604856e+17	2434106861589393						
34.72096385542169	6	55.24604053981095	0.009323294085124115	0.1159096282996163	0.8750552321920407	3707601424928804	1.904053814803737e+17	0.5081607911642044	0.6919174383547712	0.005365846695244328	-0.01083880237040302	6.504298434071501e+16	2541675308355036						
35.79673913043479	11	52.67568922925869	0.01192747842458188	0.08339656261810315	0.8757339388551221	4322626401802067	2.408069936642997e+17	0.4636657494190984	0.4031646776176099	0.07766465590128489	0.001429250475638133	3.205731741943578e+17	4058594146712860						
12.07677777777777	20	35.07187446559217	0.001942381999092703	0.50423345125751	0.8884017880610283	3694093191580013	1.503875561511772e+18	0.9169987271084369	0.5363219512745089	0.3865231446207437	0.00551801710019173	9.78651118480919e+17	4230595558833078				0.4545751128106753	0.889132299206478	0.001857507536289828
28.07693548387097	7	57.95204184133809	0.006758997565187734	0.05159551750728209	0.8954260362085674	1821569738611626	1.946241172716579e+17	0.4684300671811278	0.5836468542704207	0.001874339935548017	-0.003955775962235286	2.102483834886218e+16	1544439976297514						
23.96666666666667	11	62.37750749206212	0.004837304288280559	0.4364127814092561	0.8252738250304831	7659622874884321	1.419022049793848e+18	1.03780724607861	0.4661651142144881	0.2303225047923345	-0.02888304054467516	1.290385184636563e+18	8368470069843512				0.556454008663368	0.8386288930816471	0.004363417115738544
7.515151515151516	2	35.42156342902961	0.002045483568932681	0.402078902656524	0.8960727873739733	1977358070382443	8.911634326592334e+17	0.786232526416188	0.6732558699108306	0.230314721746025	0.001250045975116576	4.942844072503884e+17	2377829547162415				0.3838947934111632	0.8958195311751318	0.001991856858402968
46.54664556962026	17	57.63869740966591	0.01090623037467283	0.5259354902030584	0.8810952798867889	8633504659352747	6.584480089492109e+17	1.183638883570474	0.6908811674591916	0.2402176452405816	-0.00125448808179307	1.964452590095556e+17	5868343229139133						
18.48445454545455	18	55.3599888774182	0.002509903938715562	0.6378654160245147	0.9005779550807712	2656803963702693	8.432065977564088e+17	1.256325847300941	0.7286620415692152	-0.0006992104022245371	-0.006292639136828537	-2.131729348484454e+17	2023920686354483				0.625716523476587	0.8995950590055973	0.002629526590929314
22.37119999999999	9	51.38322284866354	0.004424064909501813	0.1201124714155018	0.8505771666961444	2593791324374018	4.650351890629964e+17	0.4328102476280149	0.5604021694993466	0.1024788972809009	-0.008947282246382637	1.855740616945551e+17	2630942347087062				0.1154193281995945	0.8545049737484502	0.004021477901436444
9.2209375	4	54.64497160839698	0.005137404920973848	0.1221418489215313	0.87573354117258	1249273980538858	1.698231717836588e+17	0.5407398084599169	0.6156244779299456	0.003575072011104005	-0.0001794646445159032	2086185947544640	840770751555309.9						
13.312	2	51.18071179860411	0.006112008630841663	0.1271622840092977	0.8686277257137067	2687670295057476	3.835969675852623e+17	0.5022230078859294	0.556073734142269	0.1504662315389977	-0.00871112974097632	2.075531858196877e+17	4698520443020122	0.1213966411172692	0.8654528040154814	0.008787618381237372	0.1199458297737564	0.8681791795794833	0.004924149515763503
20.14517241379309	9	59.52893109641468	0.00940096902108345	0.1920556122968331	0.8944592161491507	3717235187470390	3.690341805732952e+17	0.7112820113453791	0.5518599471105635	-0.04463842764295564	-0.02121520362952511	2.391241290514502e+17	6276074154634908				0.2361827455679939	0.9032232273238113	0.008684775393351059
8.574999999999999	2	41.83976316769558	0.001861330471756821	0.2692049384469252	0.911765014610862	417087269501000.4	5.627301318699853e+16	1.046154145285188	0.4074227559228786	0.03567981550448474	-0.0001681920904402778	-2210089184896224	252028695655040.6						
38.18302325581396	9	58.95407052632861	0.01161758852960111	0.7404288350023455	0.882763539960581	1.154145970649457e+16	9.278814789828356e+17	1.406641898040336	0.4917189047064495	0.7047191087014386	-0.007663620913635372	8.037738627751708e+17	1.464381753670679e+16	1.054351908430671	0.8771042518649965	0.01184435579346815	0.6909418058846113	0.882353051805345	0.01097376172518829
35.2225	5	66.41005434361368	0.004982956407219862	0.5823563602747608	0.8930353375481169	6130410979958800	1.037393510733532e+18	1.481244632312562	0.6777862677304058	-0.1614524902003542	-0.003424345977494747	1.64810016900448e+16	5461294298617371				0.552393801022477	0.8947598728454382	0.004129506219222526
25.486	4	66.91935923241931	0.009450744286003256	0.1760417317619738	0.857228077050973	1565615704546160	1.298939759045488e+17	0.5093423485887228	0.5293701164476112	-0.0007170695215496792	-0.00465454382121544	1.065046317203714e+17	1992507545884572						
22.12615384615384	3	52.58930485353415	0.007850810577088772	0.08469418370798303	0.8714957789280559	2360531948516928	2.086205419371452e+17	0.4167659504801391	0.5923999419597289	0.04910370324403836	-0.00620922755240394	7.17569062917664e+16	2293487268642464				0.07090628510030161	0.8762619149999842	0.00474159858591738
12.95861111111111	23	69.76242612618636	0.004689031374346057	0.6168308053587586	0.8680040579674896	5844098625904043	1.106772851812144e+18	1.324691194457935	0.6090983748249988	0.4023053685218994	0.004287659940875432	6.48323262338801e+17	4833607571410756						
29.64575757575757	5	64.64027784245923	0.004105112715471762	0.4973603609794408	0.893382942640531	3779847474682512	8.113389429205898e+17	1.151741779792659	0.6410070357105617	0.2183928015529829	-0.01184588590976698	3.282959833243643e+17	2458151277867006						
28.29424242424242	5	62.81146524123231	0.007995788991193197	0.3390503271796346	0.8959334264424839	6553475282803427	7.759300389016004e+17	0.8936553125790386	0.5010000305819503	0.2136668682982428	-0.004242684487213544	6.834755802317665e+17	1.012956268021728e+16				0.3309598253910935	0.8957326753329837	0.007013041173052695
21.1521875	8	67.19132887734489	0.006739447205042648	0.3680934001776591	0.896766465368141	4044192705200019	4.976821021182721e+17	1.196702277674818	0.5661624935867432	0.1098622165103756	-0.00279121040527508	2.730802296546334e+17	2169961857687640						
24.23121212121212	7	62.05465580069355	0.006066518639416233	0.2715085940400112	0.8784994164814458	5257287769599451	7.097991348263258e+17	0.8405937479695803	0.4664418079989694	0.1706611320742805	-0.005567540748335875	4.51128919684748e+17	4686853002983344						
8.008541666666664	7	26.83632334320174	0.001528367323396452	0.1078468474963761	0.9032116298394557	856526543217955.8	1.77361307538605e+17	0.7333107670449753	0.6012870305799751	-0.08069791085423296	0.000637940487279498	6.873737848783898e+16	514023233875030.1						
12.44552631578947	6	34.22785972088793	0.002250003054570167	0.1614468969842339	0.900612729639617	1202404395275634	2.35438834485882e+17	0.8179923366934385	0.57680856108294	0.08050511213004866	0.001554467357645195	7.945577120404774e+16	995296345865829.6				0.1735126221667155	0.903582574549039	0.002114408168490035
8.308461538461541	4	49.35536232881603	0.003043404920300623	0.2226822286912472	0.9097526743044435	1032904173394473	2.551850722219344e+17	0.8446668354019965	0.4051258268104813	0.08372657516797843	0.003685421330368865	3.436476495727875e+17	1583245197401308						
10.94416666666667	2	47.74192684546518	0.005399366862407539	0.3566753307302089	0.8806632720132864	4159955797202391	6.80890988827681e+17	0.8289773673317129	0.5742937328198657	0.339080943968001	-0.0002817542832034281	4.204043233203309e+17	6319205405040418						
39.54	2	62.60840898385342	0.00424049412479625	0.1332601697234824	0.8654813677655705	1621904801345541	3.064577691612746e+17	0.4948883176329508	0.3521194552956192	0.01974783737077876	-0.02832068153812983	4.94797887663217e+17	3106373405419856						
12.67466666666667	1	45.64599970476976	0.004948361841761536	0.08554962400207262	0.8828701815485808	1144404586215150	1.503489989479446e+17	0.5581710335635508	0.44668784290657	0.1409721240460161	0.01092465207657489	9.815645432627163e+16	1804693247850698						
15.59727272727273	1	42.6607939298493	0.004343574008172596	0.1105577274968561	0.8458917416430056	1144822585673286	2.161157528402545e+17	0.3848476149291082	0.5029846773982176	0.09022484145945193	-0.002033126427063769	2.038782654044813e+17	878938249371468.1						
16.6675	2	72.09042614882313	0.004695068372413915	0.1192616959893082	0.9010224513543252	1231820034987725	1.07012791269459e+17	0.711574774552318	0.5002618794499558	-0.0678725474140284	-0.006329721493235629	4.343991470171523e+16	1132085933618254						
4.268333333333334	2	23.36116063528559	0.001687181716443836	0.110239321233224	0.8731559477500318	576371212364820.2	1.007664027724448e+17	0.5309090543633764	0.4393219016142675	0.0518186744604007	0.006470001403562797	9.231656543399198e+16	323128472024835.2						
39.16225806451612	3	34.46810794122491	0.01033121458209484	0.1193218547901154	0.9222128075179208	2510706987907305	2.050959588156836e+17	1.003313611674042	0.5816466722169944	0.1242029364127716	-0.001563849695663144	9.403522286080771e+16	4358677717375534						
17.94190476190476	6	40.23400990982585	0.00590489265426058	0.2970218087625828	0.9221124689214323	2015268151794690	1.956821049386464e+17	1.027865541873189	0.3796562451036286	-0.08992410981765514	-0.005848127978127837	1.075631180936267e+17	2996674499246978				0.2794761998500583	0.921632251935239	0.005986150404716133
20.90000000000001	7	58.78290199774504	0.009421552719154668	0.4897962209978749	0.8872878854044033	4274027576425552	5.258067987289387e+17	0.8274147924635481	0.2288460470971325	0.4647929278815758	0.00201580382349642	1.375462901923548e+18	1.478170131912452e+16						
14.77952380952381	4	21.34707602510099	0.002838261124974863	0.1862670335132771	0.8903879981414612	1235625238041153	3.38031714579221e+17	0.8261025682761752	0.3918188978762261	-0.000997327636443085	0.001617398993518093	3.526816869121636e+17	1429130372427797						
12.30830508474576	11	38.51871236104271	0.005437421811604085	0.2648788655570968	0.8871844751392333	2172126628488476	3.886714696098623e+17	0.6825288684667805	0.5271332118666306	0.05981676318476015	-0.001701583375853133	3.498839220230035e+17	2826714902045154				0.2656329146616939	0.8869556989897419	0.003695841670774776
11.767	8	59.19795909778624	0.004942161847216913	0.07416158499903268	0.9144486749998793	891348490634227.4	1.300263562306881e+17	0.7125707629399552	0.4041510396596491	-0.01405075644573461	-0.01539295117103101	1.822504080224355e+17	1309865262699978						
11.31	3	19.80338845593844	0.003604112291487806	0.1801086005873086	0.8820586986269593	1201648538898514	2.456588154513503e+17	0.6529170556022063	0.5843229438705029	0.04813059248207882	0.004664455800777678	1.302513116241374e+17	605719117124250						
8.42375	8	23.57966085316651	0.005078891298111611	0.1855320548545413	0.9049757589035458	1253920339397694	1.898643247983847e+17	0.8785338855932279	0.3860956088578044	0.06309562416940528	-0.001186946003405964	2.586090157404972e+17	2224230755540679						
7.878	1	23.03861542192889	0.003273582474168295	0.2768816973368982	0.8991073305527812	1185484402591093	3.041453309256516e+17	0.8707076316602275	0.4385034254030631	0.2146503523280175	0.003897193413924804	2.781062364940514e+17	1947175276054040						
12.98280172413792	31	49.74445533364367	0.001976003292229852	1.094055836410296	0.8836389118897935	5022241231139847	2.52443620574879e+18	1.588316033344702	0.6038770040416591	0.7615799775146693	-0.004355810195856069	1.813873471529204e+18	5005971684013203				0.993846301190325	0.8879082364670507	0.001914587957381329
14.96586666666667	20	45.77224831497235	0.002680494483814207	0.6383492650917855	0.898971968207547	4233114259265858	1.4288402829147e+18	1.293234233733915	0.6781387708854723	0.1649753543675178	-0.00587457586546869	3.739256315612657e+17	2622145499414874				0.5812751170022727	0.9030400144754761	0.002350417135498826
5.738	2	55.61765296447489	0.001734210707002675	0.136548450628091	0.8779513727921769	660539563385231.2	7.286428188068878e+16	0.4162389224778307	0.7544305251588685	-0.1058889667651168	-0.02578666564939625	-6852957407104512	340212103921251.5						
25.4620895522388	13	46.40440955047669	0.00336969708262236	0.6969690207771974	0.8830612441454895	4226851330927286	1.212863024146458e+18	1.139169065109433	0.4718437564329016	0.1541254596961285	-0.007897690750200304	1.095032021703851e+18	5430125128321944				0.5795323183994877	0.8830096239025474	0.003136297843085052
35.51025641025641	7	58.31452244891092	0.01007351342135461	0.1049256284169643	0.8921538781809765	1956730846416252	1.648824110977406e+17	0.5579413897417104	0.4706740960859115	0.1703163507564687	0.00922646827479856	1.16309121901129e+17	3945502281429142						
36.72125	7	58.70158426582125	0.004223691221092363	0.6438866231468774	0.8791038228676696	4459775545908342	1.115070040263166e+18	1.332491674912207	0.4397541703678126	1.083409702489312	-0.01592049364869386	1.49979473292412e+18	8132759666097164				0.4984752890384312	0.8811624301362961	0.004230096444959397
36.985	1	72.9630185148955	0.007242140824353886	0.1781511450857075	0.8692920103342349	2212121417887017	3.092339494639496e+17	0.7219057789881289	0.3166394929269261	0.257936724081392	-0.02089547037161732	6.080905553198135e+17	4886302056842833	0.2328324031445406	0.8594108735294905	0.007644921233183237	0.183605234018104	0.8709566858436275	0.00691521725254229
47.52241935483875	12	54.34067725724249	0.004192479257497178	1.113243681780711	0.8711369184373287	9700640460281898	2.101744529360593e+18	1.773981606758129	0.5169938013456389	-0.1883387301806481	-0.007297100557642322	5.248408215984269e+17	2989111608391806						
21.97806451612903	3	52.74948759107119	0.004570026834860578	0.4443342558016317	0.8723650335399301	4124465031385542	8.882266494082817e+17	0.9688322794584073	0.6990005928080624	0.2497877573818567	0.003742148454070948	2.875453563701345e+17	2544905841576548				0.3250431739644857	0.870797438118659	0.004472098756551135
25.28356435643565	15	61.06950522052342	0.00549665848738062	0.3150823389290369	0.8525407062953838	4409568043586432	7.547081316300966e+17	0.8775667579567906	0.8213236855779747	0.08993832362934034	-1.180375262144207e-05	1.218814953232142e+17	1923958339809634						
35.08923076923077	7	42.30463759894543	0.004627929879649806	1.64113966390013	0.8626861336666624	8977989229699824	1.734678424223945e+18	2.332108420466747	0.4506461778584391	0.2003945018288107	-0.01088576299304289	1.467375209142581e+18	1.106051524194636e+16						
22.09153225806451	11	42.7362268966922	0.005753183369758695	0.8496281789795262	0.8802960381790957	9666100263776304	1.279500919270747e+18	1.58746755784575	0.2891878201061165	1.854818267860233	-0.01780353649269339	2.348082072301137e+18	1.65597112844438e+16				0.8636723553960717	0.8796793636521776	0.005233581678815532
11.73566666666666	3	48.08595247153333	0.007473173354298816	0.1626135805254748	0.9145493409148019	3098773410221847	3.895769357571244e+17	0.868424514750502	0.318382916036796	-0.02289939562331286	0.001216119411817207	7.853107240893975e+17	9038424757836938						
16.02898734177214	17	52.2372372794108	0.00180626991918878	1.517588186713592	0.8656703811579758	3844587944858081	2.274112960665685e+18	2.332953203366456	0.6055350100119657	0.234395232275278	-0.007056891325733949	1.146645353321488e+18	3263276416699474				1.791323192165233	0.8675074625735625	0.001776822393582083
82.32000000000002	3	47.10627872909544	0.002274335897511458	0.7003046038669278	0.8720840055675656	3255661053743712	1.319939180870352e+18	1.306715911115554	0.6042985993598664	-0.01588974931798715	-0.02330990308464864	9.820528556194653e+17	2906957585463428						
10.48876288659793	11	41.04975279680071	0.001596779918452843	0.6371273403272348	0.8763162305476687	1670705158749016	1.123080340178379e+18	1.251168105676654	0.7481934185832476	0.009958965018949217	-0.004971933701054865	2.719203907301094e+17	1454150815439928				0.7303818015721301	0.8801219226033262	0.001369979189682238
9.772903225806452	8	38.40757183587274	0.00730431886872043	0.4568412758852651	0.9099873135850938	4854882133126212	5.867557096064232e+17	1.054859931243638	0.4927924901808737	0.2994117023513676	0.0006271758709309738	4.507002571155092e+17	8240243437847786						
9.852413793103448	2	40.12266453590049	0.004764753766280488	0.2178291929313841	0.9063393613375768	1451454384550889	2.083901204708092e+17	0.7953579970669042	0.4108776584078848	-0.06265549213368282	-0.0007878237811246303	9.861980863843379e+16	1860814640825540						
25.21528052805279	67	45.81562378357475	0.001767425817700084	4.542014151377256	0.9133080762562572	1.31853705324532e+16	5.860040179364302e+18	6.071307456121443	0.6669078978913494	0.4736600546240011	-0.000124683741958731	1.136061874740956e+18	6025769293394994						
26.93555555555556	5	41.68751270182263	0.002714615445110443	0.6690959771471566	0.8671928184587964	4369522170005180	1.393952188649782e+18	1.226274436467021	0.4312072927142094	0.7941511209310234	0.00274232943956465	9.12022570720822e+17	4525856898174092						
16.08742268041236	22	60.24793059347761	0.003434925288211831	1.126889799303808	0.8830676051357476	7301020780927996	1.733248250095931e+18	1.851284281181758	0.4829823033403833	0.8407765501910552	-0.002657050775512371	1.224802351714116e+18	5328533912305073						
18.21708333333333	6	44.92869323824307	0.004472748775196808	0.2976292301176602	0.8985786979199243	3755624577340439	8.608339876367072e+17	1.208794814293479	0.3068703603957082	0.3142493738598274	-0.007724297853085482	1.469914477585697e+18	9226272266225752						
22.92468749999999	5	58.72151998808305	0.003935232551883788	0.4559696348502433	0.894044214013252	3899503728381490	8.994239561409652e+17	1.1749850563979	0.557230583571666	0.3708532517751041	-0.00296835417876673	5.543202411780438e+17	4152767654825818						
17.84185185185185	3	44.15891795218475	0.001992697299404868	0.3070953009167482	0.8804826744572972	1782222887663614	7.354325766303712e+17	0.8887692708409441	0.6080135951638996	0.2844858637267409	-0.002237088286631717	4.359841337265162e+17	2100007948280946						
15.37625	6	40.73152247500134	0.001609118798363608	0.6408563860755536	0.8868443781604778	2150716475669176	1.121682888202291e+18	1.293832619701599	0.5963506273249876	0.01697705026833418	-0.001966685896603759	5.950597933823923e+17	1651756497085424						
25.04300000000001	2	65.02732290382262	0.006485535631579752	0.4280975858664538	0.8852035986340392	4372824613714024	6.467784113806003e+17	1.037574353003935	0.4934193527153122	0.4421716161086161	-0.007059894847762482	4.191919247089851e+17	7515940942787500						
17.83534090909091	6	44.92104142664814	0.002867833585770679	0.5994244806806596	0.8934041137735599	6650212423706608	1.814273064445338e+18	1.232011327845006	0.4225807716008281	-0.1213907501738822	-0.001821198422247261	1.207067445703568e+18	1.221652440559669e+16						
33.92585365853658	5	64.86473561176996	0.007371769279302737	0.1830824369457965	0.8541409820228291	3770115765352786	4.462276251624189e+17	0.4792343578170942	0.7621962979757387	0.2414906124996759	-0.002840289409421271	1.591109928720695e+17	4524904446286990						
26.87689655172414	8	43.85313350574764	0.00326636121391053	0.5767181795936555	0.8998353025260361	4011073663683360	1.110747457385203e+18	1.45659322456509	0.4934005445886299	0.4009146968545351	-0.002490311347033369	1.015780430268744e+18	6445070562108175						
21.19558139534886	6	46.58542481884675	0.004392923475967827	0.5235833178038816	0.8882263214091659	4712827813663919	9.183481611987401e+17	1.208115986342371	0.3866131593487338	0.9096402235404349	-0.006596566906126644	1.182186571906557e+18	1.005543780342855e+16						
10.6990243902439	6	42.77195338320362	0.002222399265128683	0.3842093674282703	0.905898535529743	1874421096939068	6.795567327231016e+17	1.182909742599086	0.6325397119833576	0.1057588321950121	-0.005537957937327032	2.932997048089699e+17	2415337936463258						
12.70911764705882	2	48.02968276362498	0.003541340963849358	0.6029471320592025	0.8979000606078255	4657022527043668	1.090233575195999e+18	1.352908580216086	0.4765493247553629	0.2468829363045529	-0.001165201835247598	1.022001292266767e+18	6456614225315718	0.5156935554543759	0.8986661745402645	0.004524245023373287			
34.82666666666666	1	70.17030296203875	0.006082778521000195	0.1476649099686023	0.8659416759434935	2449322291337926	3.561409393207304e+17	0.8249532577809507	0.4650102111690405	0.08658440943262496	-0.02372182217923091	3.318750929158781e+17	4755518169547503						
40.88689393939396	34	50.11637551391595	0.004048388456950261	1.222727561712005	0.8939341441729144	7611116047363387	1.651781761124385e+18	1.985396070716829	0.5851112585748871	0.6320503255792445	-0.02257777143195916	8.38052532265609e+17	1.106804985476834e+16						
23.47128571428572	6	47.7017856673875	0.00226828410368216	0.2961852098855659	0.8992087906813282	4698177808313279	1.558230821713743e+18	1.234223104669412	0.5790443014787421	0.2314693101309879	-0.007124819881379141	6.993636169038979e+17	3717799310942277						
14.46863636363636	7	42.35263621043804	0.002213186939596564	0.211005604652245	0.9061619263532789	1708768017129702	4.098748029760684e+17	0.9708076305741615	0.6748268726265158	0.04737912589992402	-0.003856512505696519	6.963964657611853e+16	1562034651332322						
7.822073170731706	14	47.05079364719724	0.003662469602468047	0.4733463575456893	0.9067205139509613	1921476699467776	4.320734691223211e+17	0.9472053299842025	0.7078464664222103	0.01046396736825278	0.0006633114454196454	1.571062988837946e+16	1591544011069166						
51.233	2	67.54068591360823	0.00411268545803281	0.1032296420616612	0.8928222966466488	1386995802245622	2.641998557314852e+17	0.8278912874065124	0.5283234406161605	0.006963833652895657	-0.004294603119713414	1.218792655129804e+17	2075209402213196						
34.06416666666667	3	62.82147771849546	0.008624727184922736	0.1966594535717583	0.9037528815551805	2397688351104510	2.288114567549732e+17	0.9944186613876513	0.4991936970116095	0.2757381234773978	0.003334806198806883	1.452977834403905e+17	2850216932255538				0.1932095968587189	0.9037890980537832	0.006654805718637009
5.480468749999998	10	53.62870210378745	0.002884469069392786	0.3875896874133604	0.900342576369398	1585514251905422	3.926547166255287e+17	0.8228995761877077	0.5477485225000702	0.1038305522783683	-0.003206581398098152	1.803477607493391e+17	1226315886614753						
7.128372093023259	5	71.32178403572179	0.004463690494844929	0.2296610560407917	0.8737213383956326	2302397981613576	4.89500402980931e+17	0.6956088558156273	0.4974175726659004	0.2570107297650784	-0.0005572240905520331	5.134132261267027e+17	3285479643411569						
32.4621590909091	7	50.59144424936806	0.00232825589653591	0.3561253260861576	0.8386008762506407	5393819494765456	2.108646564822461e+18	0.6777334143539542	0.4502177438809316	0.3498852507016184	-0.004472181261964137	2.015792832585878e+18	9918365155537624						
30.44488372093024	8	49.64800672744806	0.002834046807055443	0.2963046062258289	0.8387857953374659	6758387163411796	2.289693701094924e+18	0.5961360857384636	0.5359228669157639	0.1870902594797266	0.0043222303323045	1.637013069676136e+18	8859315816863073						
8.581310679611654	32	47.26571740296241	0.001751111045713352	0.8936567971335715	0.8713348990410178	3681483029459704	1.856543630460106e+18	1.473398812098721	0.7103267262647061	0.4091657092273254	-0.009549150193213229	4.567037884876915e+17	4661360089653302						
16.62612440191388	24	58.84385013146253	0.002433015989231874	0.6966650089406616	0.8919731533340242	3508818106405930	1.421768951842389e+18	1.44308245686005	0.6402412488604999	0.0302578892415083	-0.00149251604442624	6.954787746826862e+17	2351584893932680						
13.97123893805309	14	47.42472442940179	0.003546429907000901	0.4009309904218768	0.8935090357962696	2037587136721152	5.079963130814093e+17	1.004702552962647	0.75017723940444	-0.006347564599750166	0.0006340271560671962	-3.634825247140621e+16	671366343229858.8						
29.94769230769231	6	59.64211318777375	0.006768769643875249	0.3317891160500357	0.9033592981633005	3766730007742176	4.881805835444659e+17	1.184901889360511	0.4564847371667113	0.3436966483409664	-0.002180294681394468	4.880539825751789e+17	5604541491880150						
8.413134328358211	10	52.0609782363791	0.00445655827725719	0.3224318990917949	0.9077476631524262	2467422334624521	5.365119228543894e+17	0.9879946977022643	0.4295060629558242	0.2530262783673767	-0.001995221924508184	5.951974336697672e+17	4722375732085131				0.2834121660559125	0.9087050574847643	0.004016313553587349
16.1008	3	52.33015561724172	0.004449442802530098	0.3828476652495973	0.9091787581621475	1387511927555036	3.081554598396817e+17	1.030858241405775	0.5094773048513344	0.1982036002282668	0.007426408753769986	2.509546944518544e+17	2330137042146444						
11.50969230769231	13	46.86343284517039	0.002958917095444617	0.3380893135310907	0.9097979459212185	1960503107713568	5.625306064498019e+17	1.171489344857419	0.4683169657818447	0.2251350541757444	0.0003040426532221474	5.091644486530653e+17	1861467689022754						
20.82823529411765	2	39.70773541400687	0.002068049093761098	0.1871924837533013	0.9100533063884823	895121261026464.4	1.690755796112236e+17	0.9051156777246809	0.5610001300113143	0.06615900060704849	-0.0005807622765476861	1.002700059968594e+17	1611522895241689						
8.921041666666666	10	49.9691237947001	0.003720631730322195	0.3768844173463264	0.9123719861885935	1751143111093470	4.832342774270724e+17	1.036611327985549	0.4746564953167638	0.2211050093715806	0.001548507893584405	4.460554872842733e+17	2711247999254216				0.3133053526990979	0.9114467676689831	0.003647585508315313
7.835000000000002	6	59.86035422747777	0.004452543713336436	0.1806646479624466	0.9257958195616328	2211140188542340	4.48941077657254e+17	0.9993488952937933	0.3433397389863252	0.1555175662052738	-0.003366294620861465	5.423359741990141e+17	3698011970169842				0.2062646028197506	0.9231465354421431	0.004288736781047467
7.706896551724134	4	47.94045067646287	0.00407485472311547	0.2811275752036645	0.9137360329719877	1329674269422721	3.082959268508424e+17	1.096198917105988	0.3100535869908451	0.1820195403147603	-0.001787755047534034	4.57392429187873e+17	3492380436635107						
22.97545454545454	10	66.91394540276302	0.005831235229082655	0.3434045931716188	0.9031381210022679	4803477964510837	7.104517919817491e+17	0.9208763065060065	0.3642612452659032	0.3781120465920979	-0.004494390365795686	7.511399285626193e+17	7981641191197891						
13.31338235294118	11	71.55971412268816	0.004557297317870139	0.3390279703556712	0.8908266619985143	3779171541259078	6.652880746002597e+17	0.8014470566842494	0.5700380890734229	0.2450471377006884	-0.006776002050889463	1.998962387554127e+17	6004540872990941				0.303800882811019	0.8914233479429574	0.004154318503133925
19.05481481481482	4	63.98761296512895	0.006013190040071645	0.4129686793043901	0.9059628519690139	4110898027703588	7.520877258442327e+17	0.964077398911434	0.331212217079006	0.3088802367920983	-0.008597233011340411	1.112081507151966e+18	1.189446094090024e+16						
13.20979591836735	9	60.03030268394668	0.004520462905406933	0.3024704189669652	0.9116684908982792	3523756594985083	5.461232154448766e+17	1.016517449597692	0.614679526478169	0.09858590095443615	0.003692665611321089	2.059813544578138e+17	4103080056767708						
9.841111111111111	7	71.09744253152813	0.004710154660348667	0.2456027072326789	0.8903231286953396	4178482664449995	7.274692689174428e+17	0.7160522007149145	0.6423075110902048	0.05111102786682073	0.003130666288487682	2.348003865402017e+17	2158638335454568						
13.3	7	56.37799722249319	0.00323847329552646	0.2200242253794614	0.9157639023174604	2165393504753646	5.553012976267598e+17	0.8862653632998989	0.5646109620704118	0.03107725371992387	0.001030271205881061	7.875158302754208e+16	1149955677748942						
9.871250000000002	1	74.56838904950814	0.005673293281344477	0.2688254675596015	0.8946407489211886	1577113619845253	2.183038036066887e+17	0.792490634002181	0.3919462472609104	0.1523755426360841	-0.005518027870728193	2.986256914460981e+17	3362164300813538						
5.68	1	37.64678752911276	0.001772523865131622	0.05515883234361634	0.8820434447993905	452209708399444.4	8.488326639745115e+16	0.5453302069317597	0.4786062676954684	-0.001915407487890923	0.0002748266929887277	-1.234961849164816e+16	481472702623122.2						
40.12939393939393	17	75.09379496448121	0.003229375725563302	1.050892993546638	0.8310150589455585	1.475460341262977e+16	4.81387213424258e+18	1.576538514948681	0.5035440571004105	1.044915665854814	0.002247022180083325	3.648057545077537e+18	1.884844960951275e+16	0.9294734967247434	0.8322423968550259	0.003004685203814703			
22.03443548387096	14	70.46524233107149	0.004876517723385075	0.4926677665404957	0.8499909805380343	7435973382903245	1.170329314496544e+18	0.942625342853623	0.6392252912184905	0.2268230423974315	-0.006145368343531965	2.58248423729246e+17	9434653764913548						
22.19333333333333	17	60.30971383865794	0.003842994038588521	0.424306891830059	0.9021277584272075	3207239390926826	7.717295195350195e+17	1.134509652945394	0.4551932040599105	0.5601645377076903	0.0008356977305858937	6.778820831368157e+17	5362785727579095						
17.51229729729729	7	65.33057221688711	0.006312929259774991	0.2787387072648248	0.8675572487277337	3646535985351665	5.58774307754983e+17	0.6434530070907525	0.3995114397785031	0.1669044659104208	-0.005602096573698589	4.314346545815033e+17	8272202683424355				0.2703648104032274	0.8672075207912079	0.005687869872653649
32.992	4	60.63412774367705	0.003344697833918459	0.2882528845087094	0.9161249916673626	2869452247686732	6.332394665116945e+17	1.105638834912759	0.5275746664192451	0.1644572113799113	0.006140430857353052	1.470607882192243e+17	5329135489558931						
27.2348275862069	2	60.83975757020794	0.004341588698224641	0.5657688154562581	0.8474748360078241	4409321612993630	8.395432029522875e+17	0.9288210628938255	0.569718342708663	0.2186020252788381	-0.01724808309184256	3.908014802032837e+17	6302426737264772						
16.05894736842106	4	44.82841801731418	0.004840783507349772	0.1504472353993793	0.8737693542099132	1945142557975066	1.964402058862468e+17	0.559417966251274	0.5711868687099986	0.0579052191284618	-0.0006536240846661823	1.313281112240763e+17	3089768075820018						
24.26580645161291	7	72.24338995847235	0.00329742486326016	0.8206036118824729	0.8572776449602946	4897715221487692	1.476637717689585e+18	1.217406982113238	0.6409331514930557	0.1808052050420098	-0.007269425417925413	1.644144098901504e+16	4716943476436760				0.8445901260240556	0.8608543300249348	0.002593819880017924
9.440571428571426	3	66.64855206124233	0.004876936622466852	0.1505934367392298	0.8467636191918403	1324361051439928	1.216709057509202e+17	0.3863850424441735	0.4702429966792344	0.1558081674105451	0.0154065791186383	-4914721583776288	1603402283480268						
56.9158620689655	4	71.44146077750605	0.007520251194633826	0.4585173512408181	0.9080999631701432	3946431070727813	4.580133856065214e+17	1.131954695774035	0.5165856436954234	0.2978373729827783	0.003684289854542389	3.803030936171752e+17	4540194024318166				0.4512989480402726	0.9097406992224077	0.006603405548148761
20.86559322033897	4	45.92868450614744	0.005118348998511692	0.1661310882644583	0.9023054009908473	1483623779559804	2.464323023410737e+17	0.6130253562711182	0.6802768320701493	0.12261158017497	-0.005611624429067485	1.040210791008775e+17	2812799989117750						
42.07	2	74.21634865192128	0.008979238621036088	0.295192440382223	0.8811869084744806	1407044083366184	1.3125049594071e+17	0.6512421338047967	0.3695843772100718	0.254137771213359	-0.003946046874774067	1.329546227501443e+17	2810829221651968						
10.50209302325582	9	53.31326300308986	0.004483328667803463	0.4078037723753659	0.8815167169066227	2679820785779832	5.480766747609324e+17	1.145455858754458	0.4241578343374629	0.2248804120013493	-0.01720370965755225	6.245887337562286e+17	3797134241327328				0.3830876418998313	0.8857762851076297	0.004293585024735399
9.680714285714284	2	61.18065453645731	0.001614934240331768	0.07492418329334877	0.8758837004223364	690804060417808.4	6.745040069644338e+16	0.3648130207352107	0.2810791630601822	-0.07265689126217326	-0.01825420538275679	-4.160778997739282e+16	510347249708112.8						
6.671923076923075	4	45.33140186441393	0.002945076283155803	0.1839655704694787	0.9045060922698496	925272681518931.4	2.404530464817272e+17	0.7582786099864731	0.7665528462924939	0.09147447809502648	0.0002774514951021656	1.517618838894237e+16	900570812462947.5						
13.34120689655173	11	67.8866689553774	0.002789337103076554	0.3365225780455545	0.859388707584734	2346505398472930	5.80071822914318e+17	0.6413070189220724	0.5304122424884453	0.08736351471396908	-0.003792124579881984	9.767590805973594e+16	2512488966769951				0.3456127743304528	0.8587903648978641	0.002800520701043249
13.82632352941176	6	61.86767784314293	0.004203541205470294	0.1306159404909545	0.8810358439798525	2523604535748093	3.557578330367289e+17	0.5599067151934238	0.5962205308580287	0.01085679232078318	-0.002455705154868926	2.628332440702338e+17	2230227615101041						
34.60736842105263	4	53.51151215065147	0.007316594628664631	0.4052509171232977	0.891732851031132	3316381876553592	3.443944149702321e+17	0.85774592381773	0.3970945697061663	-0.08676418598322055	-0.02116362827108276	3.294306621037704e+17	4919873198375694						
13.6175	3	57.83048017586766	0.004335080266484576	0.367531803982768	0.9189955883296363	1545577933877342	2.446439311592365e+17	0.956965091775512	0.4819354304563211	0.15152018402231	-0.00540814294536951	2.107408886290174e+17	2533747008889507						
11.53666666666667	3	44.07768990521873	0.005158871771428339	0.1159163437134772	0.8972956755873099	2487951928278682	3.352786939609793e+17	0.7818582523514941	0.4229938747497771	0.1141138274099053	0.0003080788712153115	3.730385973869998e+17	3801097032046699				0.1201892443898027	0.8974644155673307	0.002441660347258541
11.04952380952381	14	66.72412711739021	0.007694327237935813	0.1858372041902861	0.8689947038471497	2087096197290305	1.467918503609552e+17	0.5211429051773452	0.4880947083723263	0.077073378298472	-0.00112493776720346	8.889007438916752e+16	1760295192971048						
27.89833333333334	19	76.7849429612389	0.004031664967357134	1.018185938466406	0.8546211555528624	6332690910810301	1.508624727566729e+18	1.571815619861893	0.6086321626079437	0.4924421640574093	-0.00535401675230851	6.534314329940946e+17	5721727589747127				0.8092916158690358	0.8610915490033317	0.003622913480435496
23.85181818181818	11	79.61247906631411	0.005463954960453394	0.3179601870843238	0.8342423939847983	4667072603462604	6.853638099961425e+17	0.8134982530158383	0.6469463551005025	0.1658732990329735	-0.008475492134928042	1.201978746361848e+17	2309984221262166				0.2175845343954181	0.8439337560006264	0.004255166601384717
45.05739130434782	4	64.838588293833	0.007784947364755619	0.2708981609393429	0.8221369747348551	5930193853782699	7.474086152199761e+17	0.5664513785494291	0.4083211536443423	0.2868188118643535	-0.01578222561381715	7.515421237084998e+17	9890620020847250	0.3229850215665371	0.8149428250056044	0.007989006658901305			
14.38177419354838	12	34.32947313642126	0.003362712723060672	0.4043151286321819	0.8908441405322426	3721580030921406	8.143071207300152e+17	1.138324792312399	0.6241199938354846	0.2088952753412683	-0.006240579930171242	5.03041620696348e+17	4287876703457866						
24.35513513513515	9	43.83356630024626	0.003953923564828	0.2987436268826943	0.8544274290857008	2421573453497235	5.518941490064562e+17	0.658605560348806	0.6198471753852254	0.09185467815784343	-0.006220069787347793	1.145593481021592e+17	3763706726905180				0.3127574549757968	0.8543460852783306	0.003833191557256131
33.60450000000001	4	57.05439422773023	0.005818463618836398	0.4319190137894607	0.8880544352504253	2430933313127282	3.583232740909996e+17	0.9051769679942571	0.3756789914987062	0.3388140645703038	0.002965301153149968	3.820994528528737e+17	4717326307483756						
22.00708333333334	1	45.12952763327061	0.001566782316811968	0.1329794764831191	0.8744246771174378	546730709601257.5	2.770527705293012e+17	0.5517166243815129	0.3372724336074244	0.1822694872051746	0.0111769544391872	2.81021906406993e+17	997155826828163.1						
29.49181818181818	3	65.4696487060959	0.008940099873375205	0.9527459955599877	0.882641745846753	1.04223308100651e+16	9.78632239668362e+17	1.618056378222115	0.5725115697081997	0.5606031329598384	0.0006639183407453064	3.654862238996063e+17	1.365003389030485e+16				0.7270046100732079	0.884852648145558	0.007931043284777289
15.2992	7	48.93501778656073	0.005125192829108778	0.7171639330157886	0.8459950878754002	6110900496173869	1.061504310342393e+18	1.085255051998758	0.5621503278789826	0.4179905683392137	0.01191975024379033	6.694723529863491e+17	6014153916645554						
13.225	4	65.31886225266284	0.007735093790883663	0.4455682359866119	0.9049756906725799	3988298609844495	4.976935298018219e+17	1.017042728212668	0.4633805073671882	0.3641456597419854	0.00261299837194473	5.388916861667293e+17	7096057314860324				0.401045396156431	0.8937681612662065	0.007569768356707911
14.99090909090909	6	55.86318581611575	0.005767470126636789	0.2526461654131306	0.850632839713766	2139801583212694	3.356945418504672e+17	0.5696227877224348	0.4614773529455864	0.08060381977007094	0.002079718182234624	3.189021050912836e+17	3130064933736356						
16.61272727272727	3	65.39830233827526	0.004253474499335743	0.07410576898029798	0.8168858695766836	2032955632772214	3.050497307609957e+17	0.3268245128739843	0.5420438514321166	-0.05252018728401565	-0.001521561265602656	-1.440249575137779e+17	842570334785506.2						
44.12494047619047	12	71.33980410672854	0.006773400640088925	0.4928800056166819	0.8181379075028345	1.011297780120663e+16	9.974623948940269e+17	1.019433279279446	0.4823620577645785	-0.1024032040303591	-0.01512080178873032	-3.104131129726312e+17	6937765972886424						
26.75127659574468	13	39.66662587839577	0.006219944705510409	0.2701739014287656	0.8699186822099291	3909082183080886	6.535079491110886e+17	0.6243172212834078	0.3438589100717513	0.284034288392243	0.001786215730399388	1.006675153978191e+18	8437634823695566						
10.92363636363636	7	43.12235719508596	0.004223222112507843	0.08654076190799685	0.8195295652706861	1223677766875897	2.048485592519253e+17	0.2934635153881253	0.4587152246238183	0.1045818769868439	0.02099606848140778	1.98592329474596e+17	2082309042138670						
44.01727272727273	4	67.00573704584441	0.01137058665829602	0.1583768886041206	0.8452075738577651	4983776773358958	3.560593437844614e+17	0.454879607395652	0.3561497089382952	0.1596055226473111	-0.001819134485669061	3.896606445581907e+17	8290538115772260				0.1124466029061331	0.8453175669602562	0.01000897492256586
16.00688524590164	9	35.85531536283604	0.005340655149191561	0.1290728196688051	0.8854370360940346	1685801846266165	1.39669414177476e+17	0.5131746790285845	0.6473991885939703	0.07135727236243911	-0.003397774692649902	-3485996038117728	2466748485851224						
7.967173913043477	3	43.36299910854196	0.006588560726153959	0.09852701363696079	0.8791072648635937	2032902501577587	2.551998691075605e+17	0.4868007775133663	0.516545832716364	0.002693894802404034	-0.004888335651838216	1.444892260785389e+17	2442994460933212				0.1006803413733966	0.8795701779912823	0.005796135826187958
18.18315789473684	4	50.16957131083291	0.00381357251851955	0.04905030258577794	0.8749362262227294	1088393142876260	1.827816838219955e+17	0.4243943354481212	0.6057356882093998	0.02507237617284193	-0.004596502641502243	1.06501195871873e+17	1288855669573082						
34.89307692307693	2	68.70451442736659	0.007091315455915436	0.1728102229322798	0.8681956976048841	1729673033121537	1.75120239585461e+17	0.7370400391075014	0.5080824702520561	0.1321858848896271	0.004501763430587613	1.476057170453768e+17	2843972676429944						
6.968	3	68.27343574666367	0.002451908920740429	0.2368570533369208	0.8968843384405564	644590009678878.4	1.161082488672432e+17	0.9599239647846508	0.5298649313783697	0.2190707671299459	0.015754059137703	-8.646484921566586e+16	392093478794687.9						
57.0436	8	63.02508203697644	0.003673536564183673	0.2588025219176048	0.8803753424327301	3678375004978610	7.905857614106157e+17	0.7011382426784415	0.4093811147044563	0.05168242295734959	-0.007223917646775879	3.604912188120923e+17	5991105981786721						
16.48239130434782	8	63.0504840457018	0.005212929292871372	0.2597242255583483	0.8674510420736187	3791395537160513	6.619331041730776e+17	0.6594658828323167	0.4616997321645512	0.2186399276822551	-0.001039800430525206	4.37627944933529e+17	4825050482095402						
15.17111111111111	2	60.30569758782859	0.004800976080244772	0.07519832328476148	0.8788622965314248	1001426005531970	1.138321616393734e+17	0.6015908230739214	0.5355672723195126	-0.04274604531529742	-0.002613880195032281	3.690434997362453e+16	1746044730009965				0.08260400320363606	0.8792478379498236	0.003749362540616968
32.74277777777777	12	73.98346970947664	0.00613712006739778	0.1767657711754057	0.9015873242159316	1954955664369755	2.602994463300981e+17	0.8585691177444079	0.5253686201337195	0.05837265722203874	-0.005359767391731829	1.761041449703677e+17	2092684718030421				0.1500170411626495	0.9043284713225467	0.005957316049356051
24.675	1	70.67114392156064	0.007356888156396358	0.2394384234207826	0.8850993097768429	3107832114816683	3.531763250139375e+17	0.7993066697154689	0.5386485660316072	0.1249287525910599	-0.005295572791174208	1.524338102298489e+17	2015500664735462				0.2397389740582867	0.8877000904466795	0.005443812725335136
31.1008	4	78.33498594897713	0.01243516891413734	0.6224179920620175	0.8646039913278908	7789545509476093	5.989823228094012e+17	1.072164370300512	0.4376609084138722	0.5373309468908105	0.004740964965465055	5.909676766287355e+17	1.090982115846428e+16				0.6057943243824158	0.8657750268750793	0.01207159383864578
51.43973684210527	12	81.33168324426687	0.01023318905849379	2.082987312909286	0.8551062869232462	2.187913929762944e+16	1.950107662351455e+18	2.8370075042293	0.573533068233148	0.1886525117702527	-0.001938177196128432	7.042097899158505e+17	7284002021280336						
65.22380952380952	6	85.495622881928	0.01337794794018199	0.8725544101557079	0.8513398682135276	1.353890858411369e+16	9.381389220967022e+17	1.51173460855313	0.5631923379005439	0.5577823733309295	-0.004617061121175658	7.128601864503548e+17	1.151080028137835e+16				0.7071697440765811	0.8561474199824296	0.01254585793278407
18.14777777777778	4	72.30933669996136	0.01150173134899815	0.1498335223364898	0.8381510113218361	4366624422340337	3.453005152547587e+17	0.479107436167275	0.4298450931006375	0.02871884970592842	-0.01247092566171737	4.522149070015545e+17	5821287622836819						
9.448571428571428	5	77.40772381888335	0.007000301379276042	0.05341680703640903	0.8401731920839063	1459846032102024	1.032875089884889e+17	0.521319887743224	0.4998413543490729	-0.07568282058857193	-0.01436750815862109	4.639924704061043e+16	1583581623216236						
40.50119047619048	4	81.90614697800591	0.009914612189979577	0.5259278026542208	0.8393581689439291	1.194097849486398e+16	9.636955841432392e+17	1.096340610715669	0.4792262009672095	0.3823392109355844	0.002178240798591746	6.399230469288453e+17	1.299532993225416e+16				0.3833449170827079	0.8414841967832301	0.006398168482050265
56.7352380952381	6	77.25648226903456	0.01031007251459784	0.4506028241905729	0.8511953381248898	1.092388772419401e+16	9.281429329325875e+17	0.7862714039339496	0.3641003877798202	0.3941672002839005	-0.008194481302519763	1.280101524690299e+18	2.154418349560218e+16	0.5805471313600985	0.854680454947275	0.01134931798428473	0.3735689761024096	0.8547040245786653	0.00895421251685298
26.09416666666666	3	46.5193639500553	0.01027450042644238	0.2116466592658869	0.8576468922176851	4494839341062378	3.318799161158515e+17	0.5642343108805762	0.357002262312052	0.2580905266031367	0.01984925881926769	2.983794992862381e+17	8187453366842588						
67.7325	2	85.63560852977139	0.01920518841782115	0.1108117028719688	0.8477039652823728	2816990732003316	1.306359672392242e+17	0.4111008579985806	0.3307217534032702	0.2743754327684425	0.01734380808894964	1.687830980986447e+17	7444992885739031						
23.39375	2	73.42233193131523	0.005934017070625094	0.1430504506969663	0.8561504661397596	1817508886069653	2.728364819159875e+17	0.4309087714143327	0.4423723709114409	0.01471962832994675	-0.01796158045767393	2.056157079783704e+17	3758364610900587						
34.87571428571427	8	82.64119656724621	0.01023053998881276	0.7289207766987189	0.8404513368903977	1.481063467394463e+16	1.204945690561776e+18	1.584162878306902	0.6233107092075927	0.1406162952416089	-0.009824989222750213	3.584501442269083e+17	6690798001127114				0.5835856620813574	0.8385124683153801	0.009418095928965416
18.39133333333333	4	56.51762996552662	0.009539403155368158	0.08848724824945911	0.8671350951591664	1608897218762448	9.405885732692248e+16	0.4107737792954654	0.7133425388904129	0.02445376822163742	0.006884137379005728	2497988563373632	1615822042046608						
3.179333333333334	2	47.03142123588819	0.01040387069277415	0.1505849102705235	0.8477452544841061	2656996069651112	1.818811645270392e+17	0.4481643705300195	0.6298999521001832	0.1978898181725037	-0.00115911728741791	1.554726711428989e+16	4349070398781720				0.1272826831041722	0.8472566137540932	0.007705614083550225
19.52482014388489	9	57.91601929050484	0.01418465816295761	0.3178573208242741	0.8538182870751153	1.410183425745015e+16	6.889401491451164e+17	0.6906313335127819	0.7187844606899074	0.04201777630206038	-0.01142847026692906	-3.351097208985126e+17	1.162989860572368e+16				0.2828646027957148	0.8563267876075984	0.01188045484329226
15.09142857142857	11	62.93415590380719	0.01185857600089179	0.4900758223344155	0.829610222515041	1.161366922625668e+16	9.575332140586188e+17	0.9563524584372064	0.5626477454879643	0.3878458647705254	-0.0007313790590988134	6.153324969451355e+17	1.131250363484299e+16				0.4266297065829787	0.834049885433513	0.01023652185332633
16.08833333333333	2	66.58256629011798	0.003787994561105023	0.2111356649721118	0.8786161387664331	2170247104026047	2.214053801197913e+17	0.6968976632385778	0.3837037264214473	0.1576687986883404	0.01479494412762528	-1.38086194298286e+17	1248643960922891						
32.74238532110092	8	73.73831724949696	0.01119869555598389	0.392398573552442	0.8050156013965957	1.239747928659862e+16	9.762138511606714e+17	0.8012265143885815	0.5693276366634861	0.1631179331535617	0.0002604261509216999	5.908309549092531e+17	1.216080022758938e+16						
36.96969635627527	26	81.60817487240217	0.004873664379461737	2.608502021121943	0.8667909717442005	1.802366072803568e+16	2.929559891503504e+18	3.34827006933809	0.7223741330566777	1.053244938122849	0.03297912310451323	8.084249536168243e+17	4706176375770498						
49.40935064935066	9	79.51846155073304	0.03293682080852988	0.3825438735688413	0.8585670467860175	2.384126843162044e+16	6.208605613919476e+17	0.9825708795308711	0.5998438601845517	0.3039703305111193	0.003888381628525783	2.125503183717149e+17	1.523676506433965e+16						
59.60444444444443	12	90.80313783998862	0.01321494139156843	0.6853837293030225	0.8275455732643907	1.587239255950225e+16	1.076163176095212e+18	1.185197605822459	0.58728821791634	0.2236952259161543	-0.01009306700339996	6.660508875125682e+17	1.471962029406191e+16						
27.72298507462687	9	91.43306381926814	0.0107722960248319	0.3186161053540803	0.8233040363782296	9715565604083608	7.506444840833466e+17	0.7301528519193504	0.6410736167588955	0.1547529412672493	-0.006589297780394521	2.974506884723325e+17	6141853727280256						
12.472125	23	32.16524791305356	0.002373926262073249	0.2372565717967786	0.9165073738052277	1915363173959137	7.301084316087736e+17	1.103032522910364	0.555271846505924	0.07192948869028337	-0.004025944807155457	5.279110680562404e+17	2978253862437601						
16.5908	5	42.32939404604966	0.00225302186085911	0.2372511271818161	0.9011101295100028	1855222859387286	7.323532872020301e+17	0.8611371801280031	0.5764787155564265	0.09312475684052601	-0.0125243892186262	4.316985140142348e+17	1989378743127503						
63.11705882352941	2	44.8470476393839	0.004161361221538463	0.2026253593055651	0.8729716699678145	1571272260132940	1.693584449191149e+17	0.5569015811564493	0.2447127608004963	0.07521147863908101	-0.004825972740575168	1.258203308396496e+17	2212371850429254				0.1742020677248784	0.871030776152636	0.003473936451859902
45.20819767441862	17	48.78586517616064	0.003718221945506269	0.8275899175754569	0.8892652445403071	1.254156614141792e+16	3.225277622733138e+18	1.615380022440905	0.6885099549855702	0.3183854010311677	-0.003194447129589051	8.741443357180114e+17	9255658073300370				0.7939509204158526	0.8916405437237244	0.003376089977705574
8.157654320987652	11	46.83021956858147	0.002310168332008288	0.4124872293806154	0.8852986995655553	3394774942133970	1.295807267843804e+18	0.9382239297708524	0.6026918418367976	0.4009289608468921	-0.0008835409649665671	3.929867901938678e+17	1776025124519318						
10.76909090909091	3	40.17955048420938	0.002689821007135038	0.2409447537541708	0.9004616106915794	1483033352830026	4.662535016221047e+17	0.798426447413339	0.695367921193204	0.1117376335046369	-0.001093344596265533	2.357751267437308e+17	794242219875464						
16.8432	5	35.73315089920247	0.003694953425872178	0.1122788310565967	0.885533670882391	1653027822771699	3.462239479508047e+17	0.5623118579553487	0.4690533406581082	-0.008498170665961702	-0.007593835994799569	2.549159255810408e+17	1623250618017408				0.1069753926945834	0.8859987325260953	0.002934161541127936
16.59461538461538	4	43.1363793826561	0.002324124715168511	0.1169179003902719	0.8965783840287892	1042109340537107	3.374353009341848e+17	0.5953327746194433	0.569998402051568	0.04910682654983466	-0.001148005528151086	2.51851006793764e+17	985385939970917.5						
7.206599999999997	7	41.34537133994942	0.001814337713768712	0.07343247090415124	0.8902446658392833	1039689969773783	3.133332134428553e+17	0.5852668007266332	0.6667475842348864	0.04286600330147027	-0.003140350353267651	9.238918170267456e+16	405860776687978.8				0.07546709782039646	0.8911797265302721	0.001330857692798447
66.71388888888887	2	37.32031321603766	0.005907069706350705	0.1563590814647851	0.8925822520969742	4770716216638156	7.02856492598988e+17	0.6315046103740063	0.2956966470337823	0.08133147828607148	-0.00649646987231145	8.119751423617428e+17	1.350660119908188e+16						
14.5916	4	25.46077955855216	0.003582060996390043	0.1634307006416278	0.8901130493056179	3889400770138176	7.570568580880627e+17	0.6949604870942229	0.666100039552048	0.1535674117146265	-0.01420442073511707	2.309812895023566e+17	8995145590855475						
24.55370967741935	6	52.65712710247199	0.01205441499149995	0.8876414050380463	0.8412649092204241	1.412985070919023e+16	1.146449947699671e+18	1.317631393628555	0.4387611280482609	1.296545486978598	-0.004300432661846432	1.313844674474598e+18	2.040768965279737e+16	1.366674711950794	0.8379733802276186	0.01201191057482668			
15.69659090909091	6	46.89225108410218	0.008092420145473638	0.3253275964020563	0.8857316566381437	5938393774695512	7.072993810487844e+17	0.7740885940518516	0.5835844258180115	0.2344710651657366	-0.01839213911259319	4.289241670192142e+17	7545111379191114						
11.2325925925926	6	46.99622671530223	0.004110661884671531	0.4020556759063298	0.9043684597616558	3843271123765234	9.358257851656717e+17	1.207210554518869	0.4451314692842835	0.5304791084639215	-0.01479228355680706	1.186058794548366e+18	5621146194720036						
12.18942528735632	9	51.65932823071449	0.003841589713547673	0.2800712739642179	0.9024218076084242	3856193340632732	9.381320309088836e+17	0.9683566636976684	0.5344222165990153	0.1620515934177994	0.002603970498328168	4.436245888884507e+17	4400570996664468				0.2314100026444959	0.9028945881368876	0.003358753928469789
22.64844827586207	4	13.40476685942281	0.01005633593203254	0.4137967496897089	0.9014683296834898	2.253578105002182e+16	2.050751007876945e+18	0.6724419963628447	0.5180117213662832	-0.02742687504374297	-0.01004601801521365	1.234925683575499e+18	1.561302786159603e+16				0.3505259085933083	0.8957198659403454	0.008218224526047363
16.34666666666667	2	29.34852495473231	0.002666263539975019	0.2456005356104986	0.9143270039485099	907051210159897	3.078510239744918e+17	0.853093131192213	0.4192158988559102	0.08997167750837742	-0.001721964459828862	2.797496073609506e+17	1355883446714144						
10.88597222222221	10	42.63577652934688	0.005584407054419017	0.2048450838727265	0.8644163259552716	4277808355931011	7.292586571980243e+17	0.5799484647970805	0.5049283367531718	0.1652246026308749	-0.005510051986228448	7.914437738011279e+17	4127353901272169						
12.62609756097561	3	53.17562320612453	0.002639015521340723	0.3439598625094135	0.9018772917170705	2190696748613092	7.65432727679348e+17	0.8300018698946325	0.4195535100567859	0.1940597817086043	-0.01130939769921124	9.208526407927405e+17	3754734563426456						
8.426041666666666	3	40.04244596818156	0.003156204456025891	0.2842489576958195	0.8839064937444815	1810924539050220	5.532238418686788e+17	0.6642836523437896	0.5547129540008674	0.2477712119079982	-0.0007086139561963689	3.599511380792378e+17	2400618521422960						
13.08531914893618	10	42.2430375255315	0.002758318678239788	0.7404383707468509	0.8762427251742316	4746122967009236	1.670549626410467e+18	1.206355178517108	0.6530256970378812	0.3066098099519341	-0.006357606628474732	5.907557363202099e+17	4005371794746483				0.6331499481661477	0.878378822832283	0.002628527930501094
14.7995	8	33.41660682495738	0.00323505921084538	0.26819398118045	0.8971324048133219	1718192681652509	5.002424563464342e+17	0.7338688900075012	0.3546253731323522	0.3435904634951041	0.007991705612516165	7.081005073960543e+17	3131757247814950				0.3019715032058684	0.8976221337499921	0.003049573017853499
15.95357142857143	4	24.48587065339911	0.002672457394592147	0.2208633738084621	0.9223389696202312	1524450190709279	4.292216162660512e+17	0.9402393533293236	0.487056393151745	0.07891242099473422	0.002478831677567683	3.601264852367452e+17	2140206720067170						
12.42882352941177	4	51.00589180925869	0.002020625388265916	0.1551760936798452	0.9071984079700921	944299896542070.4	3.540534389406328e+17	0.6491477580002476	0.3475448458791646	0.04870521694839322	-0.002719443098407215	5.214691886583628e+17	1368460719093590						
13.75	2	43.0831386096195	0.001285762806054407	0.2260203324326784	0.8921507263822576	540257219408182.7	2.445867012393915e+17	0.7351033530362187	0.6082401182131818	-0.007564086164556949	0.001246053058008068	1.05263195605624e+16	380019989904969.9						
10.23142857142857	4	26.5622958084481	0.0006449386138409159	0.1218400669112701	0.9161665219796686	695448592314065	2.857164810238239e+17	0.7551497003749561	0.5949400260508961	0.01896537401936059	0.007645122258172043	3.556565485004064e+16	719978497489735.5						
14.85273381294964	11	52.46239810728107	0.003535377343712886	0.7020924872829054	0.8821183117544782	5205971985420566	1.353372660626021e+18	1.25834277255467	0.5029537555530074	0.6129874971580432	-0.01215838131127178	1.100164841444402e+18	4805886781423298				0.3995985748991777	0.8951068864575606	0.003066196895487184
17.36057142857143	7	57.82002129543562	0.006345464088808769	0.3343193416485986	0.8563728801683371	6894285811295798	9.944390709641955e+17	0.8175458570979354	0.5305814311606601	0.3265264554990637	-0.0009879988326413347	8.681348889873969e+17	6083792995060535						
32.98785714285714	2	39.61393162812062	0.003902529000446955	0.2926509332522231	0.9029914262785456	1658038253887491	3.156063152355781e+17	0.918201271160627	0.2983517612371562	0.1069106290401904	0.003531416428949052	5.442957978396325e+17	3504739798486390						
29.28017857142856	6	44.84087656145982	0.003227848205031205	0.2191419284577463	0.8991378156704505	1599041350735039	3.993785025728115e+17	0.5920321346084457	0.3796230469558188	0.07292928675304114	0.0003549106482308995	5.28518911042152e+17	2000868415283750	0.2349162155272011	0.8979268184171408	0.003611093004771456	0.2012845858789827	0.897981596296306	0.003416722193099608
11.92885714285715	10	53.30945944291788	0.004162987257012143	0.620801612168305	0.8956729598614707	5505573793316864	1.233498859989894e+18	1.364054980058865	0.5454138931441871	0.4839901960359652	-0.01341948644893243	6.721825465748141e+17	6797316631886541						
10.76	1	27.1873191465656	0.001105847718006097	0.1747701475596741	0.9028973100841714	327781522163146.9	3.362184191739252e+16	0.9545273695061515	0.3114572963401399	0.09204795171087432	-0.001980470530894229	-1.946214883502212e+16	216048543781130.1						
43.28821428571428	7	52.18336525724084	0.007740188484830299	0.3253927990314697	0.8579014123353952	4078811464438502	4.614124498933158e+17	0.6798776224594264	0.450877956850712	0.4020308116990556	-0.00351660774078022	2.988647079886821e+17	5601359069296149				0.22978186365133	0.8625819156468479	0.007461971852510721
29.04652173913043	1	45.62706638430507	0.007767933110846566	0.0795760032398008	0.8655359530588875	1090967043807985	1.009902403538521e+17	0.3127549275219913	0.433254623674279	0.1037193541438984	0.0001874683767181251	5.474449130186035e+16	1567277482540094				0.09062195543247048	0.8663676684889488	0.005675981216127356
12.90342105263158	8	36.73302040944757	0.002412534816839943	0.226749067793052	0.902543311421052	1323887253065104	4.893437895201435e+17	0.724498219437018	0.5366187386788092	0.1970466136126011	-0.002884138675005143	3.096173127987932e+17	2126269199040028						
23.65425675675676	16	52.79937617576132	0.004710193441231718	0.4107615545253161	0.8688109301618985	9336292427433622	1.698816546702392e+18	1.057393478163562	0.5307827906154686	0.3149303116179066	-0.001284276130726902	6.555151518625441e+17	9082524309380582				0.3603988181450812	0.8773992649083231	0.003711059485228191
22.30174418604651	5	55.24777256872861	0.00289854721631562	0.8055595739945063	0.860603147734741	4701089170400933	1.440732706606488e+18	1.168623348530867	0.5296675652503291	1.195462709475601	0.009571019276018222	1.563634132273302e+18	6568162795024342						
39.73590909090909	9	56.65569964080751	0.0044908871135722	0.8580997297105808	0.8808533530586262	6654941231976114	1.47532562550335e+18	1.404904611604271	0.2960097913450234	0.4814576937368726	0.00234392832165331	2.348595948416083e+18	1.389294054643534e+16				0.8391156989459192	0.8820004903009192	0.004228590752498445
20.87267605633804	4	48.97669726304805	0.001847712604690379	1.086934324415595	0.867935971022386	2823357820349105	1.345007406624018e+18	1.654838075127032	0.5734787083524643	1.195886686910343	0.001825514119800808	5.955893227211044e+17	2766664605473553						
17.88064516129032	6	57.00679400868356	0.004161664880382756	0.6169908671147383	0.8907241728265215	5306024473081909	1.191036656576013e+18	1.181972485405884	0.5807167190083625	0.1126411186603672	-0.00675160743303771	6.955908126922423e+17	5528695343339069						
14.6948611111111	5	61.3566423956661	0.002659995443253138	0.5511831339929285	0.8921683714377514	2892525389382338	1.039615205849406e+18	1.047502583648313	0.4689176634930322	0.4806872225426688	-0.008464742589732066	1.090537776742617e+18	3894641198792370				0.3673153949777486	0.8943798998354805	0.002557487828576076
16.13964285714285	8	52.18225730663045	0.002834851245812516	0.3984833734695902	0.871500315303521	2187726360856608	6.304644205928892e+17	0.8361029442871418	0.630548492555427	0.4556748757913058	-0.002935762932763208	2.715857283079935e+17	2495760329147608				0.3827078554030411	0.8719751192636932	0.00295576266199274
9.785454545454543	10	49.62166585816044	0.001599551267576557	0.333471421201727	0.8943053539989304	896878321588817.5	4.499654392729718e+17	0.7541605910863129	0.4460484000186065	0.2450225185384207	-0.0003378221033603079	4.280952006952406e+17	1391274774988422				0.3238085262920726	0.8919676084576507	0.00149261083931717
9.406285714285715	4	38.28068966747858	0.002875150990825885	0.4269438804063408	0.9033307570818517	2176837224625212	6.778723348124796e+17	1.056585583616357	0.7904380771452064	-0.1068991232757401	0.005124091718919366	2.146146836622605e+16	1552830234019289				0.3542045134826309	0.9033649156623088	0.002615868305325337
43.52641666666666	6	65.37956050459367	0.004884203829657771	1.096252307108827	0.8833016702824957	8929992374640879	1.634762129726222e+18	1.648747459733296	0.3510132412266674	1.56093320061188	-0.01354594954251542	2.208003484467443e+18	1.126102389073072e+16				0.999734793592007	0.8866327428267233	0.004710333078555951
25.68341880341881	26	65.70152909194252	0.004605508878464701	0.4367908221997199	0.8620598990147228	5770237028366996	1.150542165970127e+18	0.9694685244682442	0.6739627497939125	0.04895145306456483	-0.0101126829714453	4.993376066883053e+17	4048751957092361						
34.78257142857143	5	66.6010045374336	0.003606885468655399	0.4227048546077624	0.8924631240125366	3202103729916068	8.147949072831675e+17	1.004828539905843	0.5158879641880396	0.2997212661053813	-0.01128955830067524	7.263658382127434e+17	3767356150365626				0.3425723332731147	0.8962273820887634	0.002723324494895819
22.50851851851852	6	51.13196427970962	0.002785769882979768	0.4425082731012539	0.8731921945696589	2944404217855226	1.001821194589394e+18	0.9116550024287114	0.7025911124259199	0.3339923478518267	-0.001662791788482387	2.200263963433286e+17	1826891609368427				0.3901270368559005	0.8745573519959787	0.002767774798636078
36.196	1	70.7949867000451	0.003846986536109663	0.08000574803396908	0.8934030845399944	1329820556133754	2.920758316513378e+17	0.5546632275796181	0.2886873506480029	0.1138112412110814	-0.01780865542015009	5.167311600586065e+17	3508803258781625						
15.4825	1	59.30147591051734	0.003795422596304381	0.06257520783442871	0.8871616001472465	697158768794469.4	8.157449720260653e+16	0.4978668497859945	0.4124758111468262	0.03552006298755577	7.50324814221548e-05	5.878217088080101e+16	697156153576162.6						
5.984	2	52.49645770040983	0.001198752192737885	0.0503680230394358	0.8686352963380032	381869430448711.8	5.705055722539574e+16	0.3442871201275702	0.600284108135719	-0.02010076909944688	-0.003592096224631525	-1.149392745069738e+16	164490712835706.9						
21.94272727272726	17	67.36266012706848	0.003461046448376537	0.3416576808625705	0.8541481472932204	4058564038799458	1.080031183753167e+18	0.7467965475611674	0.672366485824892	0.2293000907595244	0.0002275410589795968	3.018216985876733e+17	3593932531001014				0.2822751171161458	0.8561008850223164	0.003019372318866926
48.60239130434783	10	64.18750375823011	0.004788457655492361	0.4304631295461103	0.8548356048759342	6828975833912217	1.276135992087698e+18	0.9692824913464775	0.449716417526147	-0.02683721652794335	-0.01556330064390665	1.033836416302881e+18	5650798626196611						
17.11625	5	47.10295410177239	0.001476746307731065	0.1624800398006443	0.8956681253483179	965955290663602.8	3.290062114537454e+17	0.7723562995703135	0.5880839456320298	-0.05906154165217131	-0.008518058572763443	1.457973981969205e+17	1099051345652662						
35.7364	11	69.85144146745517	0.009135694659530671	0.3000172247002015	0.8425835547161079	1.324367557191906e+16	1.292062377487087e+18	0.5629529082677691	0.4411170822541781			1.303637970434388e+18	1.667373866054102e+16				0.2779717826254612	0.8450932685132447	0.008930944672639501
31.86921052631578	5	45.35995162095011	0.003801560093380139	0.5831667226424404	0.8655706911888471	4464937760660584	1.199805995104515e+18	1.079089930971783	0.4481868405730237	0.7365122368188695	-0.01166175593593599	1.51433365593963e+18	8016223504019202						
18.17295454545454	5	42.77761035089944	0.00266348943850262	0.5965649028925356	0.8716616293928026	2722622991859440	1.005360643193753e+18	0.9965073993271959	0.4680013611359342	0.5126565698647817	0.004352702559297539	1.055288191103897e+18	4334082160718412						
13.38694444444445	6	28.1037180979744	0.001988617933864178	0.1330444052379491	0.9139205696476886	1154381554085359	4.453922794102924e+17	0.8021396461344408	0.6904845639031055	0.09074764668189078	0.00121885692016277	-1.747327638603098e+16	1009438740300241						
13.97983333333333	13	42.18038188284871	0.003562853335731116	0.2404674372427051	0.9017300014952179	2940550323909413	6.818895883043142e+17	0.793944641247574	0.6270363522309563	0.03258126744531031	-0.001384528851374411	8.767327206315059e+16	2081994937677194				0.2314369311258938	0.9021316932149228	0.002811610604987213
20.82612903225807	3	57.17204131447416	0.004832232827867737	0.1090157266991624	0.8578309386704409	1595346922626919	1.801469603196383e+17	0.3875262254190283	0.6083526186989836	0.07296179396339156	-0.006631924847661841	9.288853196231866e+16	1526103667043168				0.09007283029307368	0.8576533450604283	0.004268140908206527
7.953125	3	28.63982526557777	0.002682281904987299	0.1644796588150123	0.9038564388985655	1304000206629353	3.063655198584634e+17	0.8142731731916357	0.5054272629611983	-0.007666936355954945	-0.003455238451403719	1.839632277985917e+17	1138137262223938						
11.90328671328671	21	29.09655062481981	0.002742768692189002	0.2738054117975489	0.9079255656419549	1781956640598892	5.920791555946582e+17	0.6754519243197107	0.4658263846298011	0.2371280743298231	0.002501796270440892	5.823827799489385e+17	2938032348250245						
12.52275862068965	5	33.19367853254511	0.002304610719873975	0.1296794993856963	0.9013616040190813	1247486073908679	3.53042569963485e+17	0.5514891043036693	0.6456852716420013	0.01404145334145773	0.0008136072845218445	1.022944656723576e+17	1167812791333466	0.125952309872019	0.9016185097041057	0.002915542255629575			
12.79170731707317	5	46.4014657220583	0.003268013768401028	0.4088695175414753	0.8908627477852636	4427579993605406	1.271390863651838e+18	1.056181105271389	0.5556551287528047	0.002015131701313677	-0.01182173950071297	8.806885304197647e+17	4229316532386905				0.3957184010489594	0.8931581460839414	0.003280328168215934
20.21716417910448	7	47.9913215434561	0.001707973403396968	0.5205579769469141	0.880925373667788	1682023582714664	7.95518553623796e+17	0.9506315389115743	0.4933387698085019	0.2862020324100376	-0.009726504182919871	3.786514482784008e+17	1707791220612283				0.4654569504544476	0.8823253556983053	0.001636244115656509
11.56779069767441	10	49.00204825949861	0.002802355981157055	0.7027684132159294	0.8800894929955647	3344925050599574	1.028918886656566e+18	1.094274547223518	0.6336630436757253	0.3199004314146421	-0.008249513165536349	3.972212708561741e+17	3925295206950840	0.7510300426639447	0.8785197700401136	0.003478339078323739			
10.01133333333333	5	53.70960107291929	0.003472138883792065	0.1457767577485679	0.8785004669689681	1616259924724766	4.231978980412155e+17	0.5371747890221665	0.6326004356585755	0.05435715080431461	-0.003814172683371919	2.760844634783794e+17	1637694392953952						
8.858666666666666	3	36.91715456790509	0.002054708437154324	0.08207355379887731	0.8567858690231523	1430351308412789	5.434033414971032e+17	0.5286112899620534	0.4468567605417919	0.02918363428695543	-0.01513028203026401	4.658701470421262e+17	972547469284597						
18.92918032786886	9	50.19071821089121	0.003427139274445801	0.2941085475988534	0.9024890722531773	2352839367387216	6.139128189401332e+17	0.8626134959310702	0.6186135024476987	0.0259033533842864	-0.0008909203756188866	2.139006721651902e+17	1398255409582936				0.256824051695542	0.9053208403089444	0.003034784623694014
35.75363636363636	2	55.86132052754218	0.003402267869331822	0.1200467417355518	0.9075354486804583	539940088851461.2	6.073928474931193e+16	0.5829469973544255	0.3208906513922621	0.1285542872631735	0.0009410626578012504	3.228334378026218e+16	863494258798892.8						
16.00826086956522	3	50.4210544108963	0.004288563015041034	0.109046440126159	0.9015410886669717	1867696827633497	3.166356855407027e+17	0.7025859065775086	0.5514665677747623	0.1188486195990475	-0.001496493259569354	1.46983891743602e+17	1609118628974324				0.09039046662917402	0.9027385906826172	0.003807747473736554
14.783125	3	53.14384756335289	0.003584909919950727	0.06222987588520447	0.9035533930072853	1064200358305666	1.168895829004691e+17	0.6485444766078561	0.6116743041227897	0.01577890139627689	-0.0002685748317091674	1.513517502232653e+16	1263868361414538				0.07500542984290047	0.9036318207141164	0.003667097001240153
19.53	2	58.37672674951017	0.003563492128608187	0.1042821695133883	0.9068197242584373	1322709983194971	2.152655127702421e+17	0.677841121599623	0.5825970324754491	-0.02854887280829822	-0.002250517589101775	-1.308704892533493e+17	952463211370762.2						
11.80416666666667	4	47.38530004984803	0.001251470832280862	0.2603641128393852	0.9154293925865004	1076645399139924	5.285096075305196e+17	1.025247771663361	0.5672726271458749	0.08166846808397563	-0.005419661777344875	1.249051408807995e+17	909080304441268.5						
5.624444444444444	3	48.78001585527967	0.00239647513490953	0.1356778425177557	0.9089680314582601	595972743447846.2	9.647042524597373e+16	0.7418370984584062	0.4231298868845783	-0.0138075459513871	0.0009868106308056346	1.872384572670354e+16	564758865085140.5						
11.00810975609756	12	58.84727994743611	0.002990572724104233	0.594166688250916	0.8657861799999059	5032858875502534	1.303206437188975e+18	1.048621984095347	0.5976224745823672	-0.05791814840051135	-0.01026064601294496	-6.166909475175629e+16	2148839954991537						
12.10902654867256	9	59.1988044066976	0.002212980219035515	0.7845295998606924	0.8777762624465828	4359415461689800	1.505852210630878e+18	1.417385388469059	0.6997784687233505	0.1520933645229774	-0.001513585967013009	4.412461347306468e+17	2105586122129032						
6.054	1	38.32840497171682	0.001293277906820811	0.1208621017367686	0.8753790197937965	539847677029604.9	1.64559773092474e+17	0.4640880754733247	0.5639027585333822	0.06684138834549612	-0.006174532071759442	6.488453127644339e+16	504732591717670.8						
25.01714285714286	13	48.23122789251989	0.00352680767373782	0.6272245270758208	0.8909576688718436	6020318168076249	1.573685576722598e+18	1.343432576624962	0.4669384145121059	0.4286235763786674	-0.0135828072385149	1.426887979999386e+18	7180843806251670	0.6692924867063011	0.8846508975844165	0.003513861794875944			
29.3952380952381	3	64.13336180684955	0.004049200116843294	0.1509340301663186	0.8702308808977536	2429888867668912	5.149940372248011e+17	0.6548072341365198	0.6420901092002383	-0.006560847784698787	-0.003135119465170644	9161026006132032	1506930423044798				0.160673956469383	0.8700932175429527	0.003571821196835922
4.720967741935485	4	39.61573518292436	0.001575012089543712	0.4791540058549283	0.9055205087310961	1297921307199004	7.438436361040594e+17	0.9945008106677903	0.5472722230267784	0.2123470499688405	-0.01827151932559457	3.125180373586881e+17	1549214390653164						
12.97111111111111	3	41.49417250427408	0.001224987221734087	0.1444822949939511	0.8825762120439926	724451445075499.9	1.675627068585895e+17	0.5913121305678042	0.4313538443922209	-0.06742716720684561	-0.00775473203125765	1.260036190482572e+17	942748251117057.8						
10.19777777777778	1	47.79546407817898	0.001749513634656577	0.1855188016763543	0.9134018698900696	630565620850547.8	2.794876345980198e+17	0.899443630573923	0.4268554427608505	0.1759796875734407	0.001897318873897436	2.847558922512818e+17	814994589425815.2						
8.441428571428572	3	17.98275034705087	0.001587841674691056	0.3462300616413961	0.9052385302170014	633125983356731	2.624274656348611e+17	0.9378951349351422	0.4803100179503509	0.09216337807729674	0.003684168397581122	2.605517752737524e+17	743639469130146.5						
21.73688524590163	5	55.77203821180996	0.003786276941508124	0.2380161448994874	0.86278298588682	1881742472518652	3.685721095287728e+17	0.8052282408156184	0.6581347631660166	0.04945646407379833	-0.002616286176563398	9.475823919728621e+16	1012907669767689						
25.35254545454547	23	44.13558555171519	0.005851631448882027	0.3270925153212996	0.8711062731329553	8597872723147799	1.289065313559949e+18	0.9797330564387494	0.5716306715279564	0.2107787026792765	-0.03344728428177057	8.280205868459058e+17	8468869115822216						
69.77408163265305	3	68.01854070709122	0.009010384422933004	0.2685066224294142	0.8557939998971218	3826072147460588	3.595663106476525e+17	0.6619876250862942	0.3006438824843972	0.6551809252136742	-0.01866480514965252	7.798652055974028e+17	7531972040089066						
33.81656249999999	9	50.72934137557713	0.003301504332657168	0.3554463492648197	0.8812336705874615	2851741693525212	6.970086845618332e+17	0.8913873384465613	0.5358737393513672	0.1182423696732954	-0.002585722598646645	3.527303736892024e+17	3203663639109237				0.3297846503824697	0.8840606531857901	0.002828610077007928
31.9628125	9	58.97720465147957	0.00282522664819714	0.5477563789742116	0.8750420411205418	3753001096918436	1.21911403191339e+18	0.9497470869505525	0.6831823224766355	0.1371340865478858	-0.003032051376842815	5.550861253664513e+17	2373078177006596				0.5494769279031705	0.8782336884961021	0.002572363773448491
24.99638888888889	8	62.28692279531205	0.003821217284618882	0.4564343410611499	0.8706417925457709	3720263901853821	8.915151140079292e+17	0.9443496044858882	0.5229704386501536	0.2565571574888912	0.007825458546036446	7.689209440459246e+17	3448337439386593				0.4408076200179341	0.8710929318898212	0.003325686902467267
12.566	2	67.86134569493052	0.005822643112154038	0.02735426575967044	0.8680901876920901	1522507249474576	9.737462340742659e+16	0.3274080186039993	0.5131036387120506	0.01116943933980756	-0.00153198584272185	1.987930460536422e+16	696197677435236.2				0.02652539773115062	0.8700198940586658	0.005027618122499509
17.605	15	65.5279526503641	0.00297879081576206	1.25635023509644	0.8697883012281353	5965426239372445	1.8381218726826e+18	1.836606190786923	0.6137169112128702	0.8729679040944411	-0.008935221672379479	6.447627809750802e+17	6128731037763988				1.070000681383846	0.8740105298025628	0.00273461444428972
16.24941860465117	13	56.38038510185415	0.004353819057453539	0.5492693642226795	0.8897510128499263	4464851879870062	9.505167917424852e+17	1.14744823245609	0.3915229813681326	0.5440595533100991	0.0002650645732560353	1.255556408685505e+18	6230373954628582				0.4264490758847904	0.8871558191069365	0.004098860789173442
21.61218181818181	9	58.82198087629774	0.001942437254027882	0.5392951894053307	0.876725240420844	1875712758788930	6.909054246557578e+17	0.9679150523896105	0.6030496766005377	0.263242700433826	0.001283081167095967	2.504388240426739e+16	1065647031815691				0.5339739821246021	0.8774033321601161	0.001585841439656599
40.39896551724139	7	66.5541871643035	0.003865439560638278	0.3217139654329425	0.8795314585698298	2516571484844188	5.876619566606916e+17	0.8224763784022506	0.5046123509349907	0.2298462952526136	-0.0100823338472501	3.60783314473737e+17	2355876568201021				0.3027206731017112	0.8820370517701849	0.003332764273107137
10.08384615384615	6	55.45071505891968	0.00143324157982061	0.4711572723266253	0.8721572536987617	1267755399083002	6.879360714814828e+17	0.9162210032997172	0.6216440549101551	0.2152688933187867	-0.002748989840132277	3.167957070079683e+17	1182680181833692				0.3760103555197426	0.8721999164988817	0.001175568003564889
27.02727272727272	7	43.37971403509067	0.003174806665121772	0.4226836431747155	0.8960831013716634	2213104441403647	6.698696086924385e+17	0.9146463867957775	0.3871722684077247	0.1715919094284289	-0.0006539702622454513	4.544644030860202e+17	3265325340138014				0.3461184209233913	0.8954510939562065	0.003011029744370041
12.52758620689655	2	28.32015757194809	0.0006508259504255451	0.2469487528373859	0.8896332967640417	535956379398497.2	3.333846866000728e+17	0.8640161730167416	0.5082663135004654	0.2109235150212625	-0.0004705069078552171	2.697852201684165e+17	466441476896370.8						
11.35555555555556	4	49.72727963283082	0.001274615161228229	0.4813799503239684	0.8884073998696157	1130602846262958	7.117881427262861e+17	1.036027571459778	0.5786533296753917	0.1772500276277353	-0.003994608564383162	1.368810167327834e+17	1056949561771081						
35.2775	2	17.06016963977146	0.0006933140593879607	0.1950698718028889	0.9004258045541778	638711954118343	5.645384604530666e+17	0.7402868438116416	0.3954216174535706	0.02561392822171391	-0.003386508890831696	2.903860952698728e+17	833332592739965.5						
12.84526315789474	8	53.8358532235874	0.001341410683023933	0.1967034110218102	0.8562976503201993	820288186491313	4.699715707760748e+17	0.6341853583449242	0.5831120937104388	-0.0566505783974571	-0.01387510477325848	-1.894318514170332e+17	584975893931813				0.1886679265523596	0.8574800017934698	0.001239718338434326
10.2288	8	47.16481773360753	0.0004421003622804237	0.2390889433345389	0.9051508770045954	449087575017487.6	4.859376617380017e+17	0.722129200150611	0.3588790645536693	0.3687194322868109	0.008064097549034588	6.574900792218674e+17	226530323748354.3						
6.059714285714286	7	45.67457046269992	0.0007328877815026483	0.4684447844037626	0.8825720062987238	793841045573024.9	6.747789566675235e+17	1.14808348999881	0.5521801746578936	0.221844386376742	-0.006702600872719788	5.901146090175177e+17	824967586596766.6				0.5286336858780551	0.8837038085451839	0.000728289579638447
28.46733333333333	4	34.63098626712127	0.002830698892738523	0.4711257623663861	0.8513282444297561	3767739844891816	1.295876651886657e+18	0.8085535412605922	0.477905341673204	0.009467009033093887	-0.002421658316818176	7.529218477396655e+17	6115871442248687				0.383747793548076	0.8538374046878605	0.00243963808584349
35.02270588235292	5	67.99558254233473	0.003682305928673634	0.517444122829239	0.8857284296617762	4905951983408145	1.369128506763268e+18	1.159520508836747	0.4505079496656	0.3683724205682449	-0.01167781782140176	1.118313389910964e+18	6690676288064324						
13.97858638743456	15	44.22542301928487	0.006610624361178632	0.3805575145937338	0.8765699262994519	6976730198726579	9.489794834834464e+17	0.8912655048985173	0.4075892854708836	0.3922407479482527	-0.02490635273928143	1.430752120168537e+18	1.35379384463305e+16				0.4208795845683639	0.8792419235176199	0.006319259827544941
8.961707317073165	22	50.50254779696337	0.001966267791269033	0.6220151734671546	0.8882047076182865	3036007684344866	1.361155540690286e+18	1.18656526744513	0.5662902659019607	0.2556905455249949	-0.00075298427947601	2.423867121914888e+17	2492565497682277						
44.04431818181817	5	68.32826186538838	0.004525307499205074	0.1648403324115834	0.8732355516983082	2060904971340558	3.959345165499356e+17	0.6773506696285638	0.3669903596853091	0.1370356795857681	-6.621221659097731e-05	4.408089698210141e+17	2151847645847896						
17.92323232323233	16	60.82601012574261	0.002787695397071178	0.5314742718749246	0.8875610574509284	3385749207791730	1.155609052580723e+18	1.106999832340055	0.6233731565154621	0.1318001022976548	-0.007245655669601225	4.569448307646131e+17	1926651858168809				0.4832662746789887	0.8890770128851381	0.00266622717402967
19.2247435897436	4	32.97494395492385	0.002753396709760544	0.2114142223350002	0.9101572954401884	1658474922304197	3.23280876614108e+17	1.020427064216061	0.8213293986950726	0.1036943384507676	-0.00168270696007411	3.736274784989683e+16	2978451802602228						
31.26714285714286	4	68.47865585866418	0.00455630061297746	0.07055580297049979	0.894946430906351	2572371026326337	4.844556237321619e+17	0.6278251032906558	0.6409502363147644	-0.004663507299501657	-0.008219808672258799	1.724033116160861e+17	2084480901076421				0.05767992481533207	0.9003502484824444	0.004166480761819328
15.747	2	68.50410277235362	0.004621690403243136	0.1283219485956815	0.8897104031904332	1476837979548144	3.125830360877659e+17	0.6810881219561518	0.5528431596126577	0.09211120732093436	-0.00249519812994714	1.658364142248489e+17	1095165576385068						
14.86384615384615	4	27.17876206202239	0.002140727080290294	0.1516965329154495	0.8398072619717853	892631796019803	1.935631593228451e+17	0.451359788691218	0.4602167789618795	0.1156712067157354	0.00018647666670768	8.482184423667798e+16	2019873957390602						
67.52962264150945	8	59.47751355627361	0.0038590089148977	0.8512855584878676	0.8698700688841806	8226744203591336	1.707199078824002e+18	1.460855342533509	0.5577211307494505	0.4168767737767112	-0.01698737428981978	5.169754144798147e+17	1.379945468689841e+16				0.9433698531997333	0.8803084756827382	0.002945863369388544
18.47678260869566	17	25.6427132036437	0.001740942851346534	0.8876606379644182	0.8747869991467224	3168879270523868	1.57039733155761e+18	1.44811135162577	0.4705751900476181	0.5256399158569723	-0.004809106100224003	1.633942005596397e+18	3445615323880972						
18.63675925925926	14	61.17350166776229	0.0042095607133701	0.3555056748672428	0.889430146224032	3512797006566836	8.409533907265606e+17	0.9650417163732994	0.5222930776578504	0.1753432012789418	-0.01317532708823699	4.840669248257912e+17	4592999819751158				0.3619134410808963	0.8913884339910614	0.003508716637248775
27.58615384615385	13	49.82080985893589	0.0027627787983912	0.4951304885157531	0.897445044960643	2203430662841992	7.810371294734514e+17	1.212913627989731	0.4197617596593095	0.4771600598663938	-0.01257543600246736	8.798514847176829e+17	3702412550623606				0.4744708357978861	0.8989320172701579	0.002520293420675558
20.86015151515151	5	64.9949528809117	0.005300502303407465	0.2858518120666464	0.9034167119634984	2686230709568990	4.142243274127053e+17	1.152451308481253	0.5337916467486203	0.06743109994294455	-0.01075654000315651	2.635433986591352e+17	3108451052322656				0.3101600444936677	0.9070875137822517	0.004474393458881513
9.793410852713182	15	65.30842411362408	0.004853683456818039	0.2099519244205569	0.9158377201989255	2515593994296454	4.752875760262897e+17	1.14890229015564	0.6210311580693872	0.1065615288548884	-0.00645115238564864	2.687020333945827e+17	2979424442274287				0.2372862216798056	0.918194764590174	0.004471112202498593
17.15533333333334	5	35.25437187056397	0.00191102584502017	0.3038375869397454	0.8993498945129091	1791531603284091	8.700244477458313e+17	0.8966059779488915	0.5104582375371487	0.1628579518028618	-0.005369409185540741	8.115316855769925e+17	2017617693484791						
16.81645161290323	10	53.29804777391782	0.002626218487333364	0.1682596757970431	0.8763011761989786	1631398744874006	5.419227789429179e+17	0.6267790942270864	0.5856547769282685	0.1095223276304345	-0.002122034693895158	3.251382892325254e+17	1073342407977089				0.1486725638670794	0.8761521082119589	0.002395008034940508
14.62545454545455	4	30.84966949131841	0.002034356311990578	0.09235612474401882	0.8851017011154215	1117869700429090	4.770685347898033e+17	1.068876393862204	0.3905352526324079	-0.06371393424681376	0.002241181532715686	4.699882787458625e+17	1861237150879794						
13.60142857142857	3	58.40835474105558	0.001927105637826988	0.1994104422363719	0.868943061920031	709834118670230.5	2.623509533248704e+17	0.5725659785288693	0.5173172672975054	0.01358976069237997	-0.002777907381221523	9.708705815475472e+16	771898601902130						
6.330909090909091	3	23.29240010231444	0.001225051147241839	0.3055013946015394	0.8866762040507407	628732145503298	3.401801342094714e+17	0.6859823725486092	0.6044412724694092	0.1007873389975928	-0.002829794773660965	1.205100550913223e+17	423499044805200.5						
4.476363636363636	4	50.28587862096344	0.002267610331661952	0.04116030631105767	0.8720611491265791	761958662500446.4	1.585143578140387e+17	0.3749866080752957	0.6513039377359722	0.03010146080616855	0.003317627884410701	5.275605763344336e+16	436402314500166.2				0.03685841510185917	0.8721260040675016	0.002076867428921763
3.265	3	50.43279597047681	0.002647797277605517	0.04766993980710866	0.8716869981841829	634826461651331.2	1.223513996883217e+17	0.3890102209037313	0.5761967367580612	0.03063402083525205	0.002576867516176029	5.152464832590954e+16	424316383955602.9						
35.29877697841724	8	44.35431990333301	0.001556787374379986	1.145776669118256	0.8488687544932226	5512511574586038	2.717017595870359e+18	1.645861107093418	0.4334430674766666	1.361486816312659	-0.002777594380473536	2.757608950195621e+18	5643289108959324				0.7409420429692261	0.8558684069188913	0.00153603221354591
14.44524590163935	7	24.06173078593264	0.001264025914481231	0.4479410571656193	0.8924526312061507	1473286399711984	9.465886949700242e+17	0.9880154171412695	0.6057708216904263	0.08449522218393823	-0.003729560892465789	2.563741704006111e+17	2022056212959455				0.46455816277638	0.8926667732456456	0.001157466954412895
14.19375	3	54.51287864881436	0.004039072526290296	0.1246728370270511	0.88206412658293	1639278643516260	3.161194694848588e+17	0.6151281882787839	0.3354165493277673	0.1301317191364826	0.003415952669319489	5.177576718245012e+17	2676328790388601						
9.24530612244898	8	41.68237837372563	0.002233861543827639	0.4083590760826815	0.8802901850933831	1332468075774120	5.38082998022918e+17	0.84528511511978	0.5900509351204094	0.1071156192806495	-0.002152437771038684	1.82203131444579e+17	770753925632984.2				0.4052729495706903	0.8833292596155736	0.001915012657332067
5.082307692307692	2	14.22007820898577	0.001406388527993822	0.1170088475978037	0.8819964951768872	480929027715539.8	1.861405113827717e+17	0.5407805445760109	0.4196453090058249	0.0713353838180945	0.01143039554799119	1.908017550977468e+17	429591188384654.9						
14.945	3	54.16269284258742	0.002588186594166962	0.07900590146672762	0.8827287337331409	1044823923260533	1.769270034043258e+17	0.5745973012332197	0.4737670298208684	0.01220598485357989	0.005359835723320883	1.595352632243407e+17	988986395341807.4						
20.33223404255319	5	49.93542940015536	0.00366680858340128	0.4076645685166955	0.8722923496919813	2465107599521917	6.504281904328061e+17	0.7450342877413393	0.3839240623170676	0.3932405595649247	-0.01158215660632911	8.323579392614476e+17	4592648417436100				0.3551485752186298	0.8727471441505582	0.003273930344061374
18.98682352941176	12	60.98315086588899	0.003101388007452774	0.1920230801011169	0.8728298337422135	2466160466298108	6.51180284179973e+17	0.6249023309114199	0.5943962871228445	0.007570748207177264	-0.006124516175517569	1.512073514894898e+17	2256064181949982				0.1946592749471847	0.8775027128890706	0.002708464308659314
19.76876923076923	11	55.14037216947391	0.002261656311449943	0.1404315012369936	0.8751280824289277	1544858871251811	5.688448127783731e+17	0.5269288279892255	0.4292699901369582	0.1171634141101456	-0.00259447219805542	7.598733528019442e+17	2345420190770920				0.1471245658907568	0.8766447127487011	0.002173615201075058
13.22618181818182	11	33.15898339520595	0.001564002071511058	0.2517760752085348	0.8853282081706518	1228605559161808	5.61203451568015e+17	0.6441679596263038	0.5921168009976545	0.00292156808182592	-0.006562766173308643	3.130077168957181e+17	756317737979800.4						
14.15028169014085	10	24.90980947199674	0.001757417911950262	0.4998586154679625	0.8930923493776737	1644513465411579	8.151349447630698e+17	1.114001587406105	0.6184925064560065	-0.06330803607927699	-0.004590684622158281	3.260854395203007e+17	1282705821424042				0.4827859360755166	0.8954721240694962	0.001403032132162354
18.64909090909091	2	39.35032116075524	0.002390665440445589	0.1261198640336844	0.8913437815807397	755132853165090.5	2.179101073840887e+17	0.729297576540815	0.5011184912660611	-0.06222547547721248	-0.003409974753695089	5.348445790865987e+16	627109913801440.4						
14.60545454545455	6	62.63530412779546	0.00415659740841967	0.1976310662890979	0.875354615050948	2379190951322414	4.736595120860914e+17	0.6398994693941253	0.7384811622097616	0.05761061763190251	-0.002975023924063791	1.106385200923417e+17	1749874102557970				0.1868947752502742	0.8756732731462304	0.003675618752261757
14.75358490566038	6	62.37631339469566	0.002837662113859949	0.1994080799223535	0.8860271870176412	1262157789005251	4.014951662893398e+17	0.6687344634645257	0.6634473418485364	0.1344374457022736	-0.002226176868306284	1.325254293389674e+17	1506034379344693				0.1768635261474598	0.8845147582707932	0.002721836033648767
95.24249999999999	2	52.06214741831673	0.002513002915760018	0.1118351902046912	0.8807593526408194	691762772158408.5	1.092678158465495e+17	0.5027294123371727	0.5743207112035327	-0.06539597273482764	-0.004804690638704923	2.537110174709165e+16	467488342047866.1				0.1273138200339475	0.8808773596158024	0.001897964209431163
10.87346153846154	5	47.23517842968214	0.003155580906514809	0.173745540031946	0.8945769964058051	1251906275956793	3.300113603850396e+17	0.6649068887539274	0.5068947820113862	0.1120389305594354	0.001859303980519145	2.277120891366013e+17	1340091092213278						
10.3862962962963	6	64.14508346531667	0.001853683706569722	0.2941332886678777	0.8758290025554064	1283275912213440	6.772669708312777e+17	0.6861319173585473	0.7787030664320406	0.162926365523134	0.002878724573601166	1.301680722103173e+17	880967176828157.4						
8.235000000000001	5	48.41866585683712	0.002470143733435722	0.1754142039769062	0.8709359416163341	1017782969605987	3.181547501326967e+17	0.5424826241501453	0.5155453240557004	0.06478654033732659	-0.002803640067487012	2.386092057333225e+17	1164735615835292						
13.29380952380952	2	54.00584343824955	0.002475079477159165	0.1390192282482227	0.8793385807515227	707831545321884.8	1.813993817314594e+17	0.54327905620943	0.642547912181591	0.0629784865014428	0.002483698463403683	6.43191099789136e+16	437907686866176.4				0.1389372002449518	0.8794790373171949	0.001493903474800745
40.16	2	25.47606521684886	0.004304088729837873	0.041207974647155	0.869086975418272	540400756963539.2	6.54975232448245e+16	0.3215853740513911	0.4206229706392187	0.05800772767082268	0.008292325594983718	6.72372899711589e+16	698500151065031.5						
31.74181818181819	6	33.60723646597052	0.002528267970797759	0.374564699966574	0.9031678589908561	2498228860153090	1.083861843718343e+18	0.9715337707598396	0.3708304767355695	-0.3669725559998896	-0.02625564332335306	1.696051555491273e+18	6035102933040181						
28.64754716981131	10	69.27449942003905	0.002435683827399211	0.4131068714725208	0.8896863887637092	2369496000580390	7.824458206881007e+17	0.9286950433833726	0.641986074060888	0.08624991357599121	-0.01209501762231446	1.520443492683137e+17	1733312706538307				0.3018223631935745	0.8916321960349844	0.002253763916907656
13.10530303030303	7	75.5187519890255	0.004906179608621729	0.1146939785693186	0.8726489506684855	1833327180561002	3.295811213483263e+17	0.5890699306054196	0.5681137946870551	0.0196768672888538	-0.01224466114080758	1.722337503176042e+17	1598596088040376						
20.384375	2	60.24652140428029	0.004708377366257579	0.1361203847080416	0.88567641552198	1549219913331169	1.691737487998381e+17	0.6055344003113728	0.2580701417456016	0.2381543712172185	0.01004947589693861	3.717493223133866e+17	2541129400060716				0.122789296162969	0.8864196284886219	0.00422881866063634
30.84571428571428	2	52.35133722791788	0.005696644746649401	0.1486135213504585	0.8651613968320194	1276720712190618	1.736225401235692e+17	0.48471219104138	0.2797514449195673	0.05688844014066829	-0.004971170242317524	3.353474435567112e+17	2582979801559216						
4.819999999999999	4	42.35434413951953	0.0007522875000138811	0.1548446141382177	0.8693280330308238	401868274830546.6	2.361704852159172e+17	0.5567597455966423	0.419669674672022	0.1011273803772446	0.0122071911815852	1.879027958016257e+17	331281096954733.1						
60.77	1	33.4388408873444	0.001867055683888518	0.1821767230000026	0.8642352065883567	1196931893498600	3.404222115333795e+17	0.5915436783839552	0.2315095337402836	0.2101920935856768	0.002756264932458841	1.16529439116709e+18	1865545228966153						
15.6862	11	48.76195054780208	0.003127069571606925	0.2914396253010599	0.902503436371205	2441669817863946	7.191109106518084e+17	0.926106663401954	0.4312668214006978	0.1563883209621619	-0.004565228845050506	6.597879467012782e+17	2829969251762544				0.2696036807479508	0.9047071609642893	0.00302211501100276
19.91521739130435	3	48.28757477417773	0.003108719705548264	0.1646970618727823	0.9058093898242277	1575540599434802	4.208519467383757e+17	0.7556555975078254	0.4122014231269687	0.2105193395305922	0.00455226279763854	5.623366809381934e+17	3180640825897032						
13.13705882352941	4	65.39370601652527	0.002468926802174903	0.1214270779387575	0.8987948652180979	1100172052878104	3.03426600585137e+17	0.6721928605112828	0.559552236589227	0.05222212345559599	-0.0005952270971210094	1.1511754333422e+17	607123809675671.8				0.08958378821284513	0.898558214013454	0.002654545768735103
9.807142857142859	1	64.76731969792716	0.002676866267027974	0.1336078237434023	0.8826749974001254	995053816032053.5	2.511297982279942e+17	0.5734852614244607	0.494206624723066	0.1265678964035689	0.003861237767124659	2.733511863634116e+17	940244346998715.9				0.137168501694116	0.8828025270634103	0.002975950919841437
27.94794117647061	16	65.73365302039181	0.004103200647504464	2.048156179529519	0.8898852588588235	1.663898734322232e+16	3.97733672016727e+18	3.141643700387209	0.5101976542819887	1.315406253800219	-0.01290371157138082	3.524953322212442e+18	1.865623941717832e+16				1.753780907024378	0.8940159291166966	0.003597578913065518
22.88041666666667	5	46.61638960746753	0.008820389559696253	0.481676036874253	0.8898750387480223	1741557485807363	1.718809642264848e+17	1.0274492416181	0.4535703646952713	-0.01011060173760964	-0.003476360097749875	1.069363060988478e+17	1935401119279770				0.4796549643743975	0.8952913555268265	0.003809883162582048
9.986857142857144	7	40.05317979793961	0.002235888217008399	0.3940742087506463	0.9071503186615875	1578746821990911	5.736784032426501e+17	1.028204313266954	0.6535058893229797	0.1375004038598192	0.001625881366647874	1.274852769504408e+17	703386293375444						
54.34181818181818	1	43.83450801961524	0.001516123341212791	0.1614509778671391	0.8901966507394657	960834864643407.4	5.20693895514052e+17	0.6034361434126266	0.5777598541419192	0.1729833142697131	0.004454968359839828	1.408512833306364e+17	1073000887809025						
7.409249999999997	4	27.24917867462831	0.001714707771273037	0.2116345950262749	0.9092747100892322	742544820813016.8	1.998280066694492e+17	0.8437724054029907	0.4418058224911751	0.07428191093756467	0.001042979326205451	1.368756229143806e+17	479403630563938.8						
10.50909090909091	4	41.64783610869205	0.001926178878135181	0.2052111794616535	0.8824240004737918	873484164931639	3.034872308651605e+17	0.8963106358024174	0.6083646209629104	0.1460218551780527	0.001249084145689916	2.055095845424844e+17	1000711039181644						
35.03592356687896	18	61.47196713412887	0.003552740755269999	1.444813395282178	0.8593727834311866	7911543980571047	2.225955128598477e+18	1.967872836460023	0.4878467556551715	0.4531512623658156	-0.006447630200994925	2.04273910582658e+18	1.015622930732793e+16						
32.40136054421767	22	66.81242101270436	0.003036378783986896	1.399876405575839	0.8563093899684698	7405297437059588	2.20905640247084e+18	1.856823909626964	0.6011791515926797	0.3199604489940489	-0.0003072196879470024	8.475118722708731e+17	6342046201993115				1.452831235576957	0.8584098521354401	0.002446774519159832
45.20488888888887	10	65.91662853408896	0.002717168317986884	1.6704374064045	0.8683559318438889	7015131297489741	2.163390220437385e+18	2.358538993636038	0.4762316607745994	0.6431722235711426	-0.009461905777728319	1.588475963023e+18	7245392178467841	1.584365298969084	0.8660741541407923	0.002807355574915178			
42.44885057471264	6	49.30461605602711	0.002088736528052571	1.293368136358577	0.864609022219868	3164042321998666	1.422214010728479e+18	1.753805382771183	0.632960589726668	0.937145014096469	0.004071797520918907	3.798552691086287e+17	1893297431988998						
63.75025000000001	3	66.12139998668221	0.002894210237781813	0.9809637166002693	0.8579836363120267	4521063629518581	1.500747059121377e+18	1.426119727817588	0.5145342608948796	0.500976781485923	-0.006744352752083183	9.702909978884646e+17	5545494294646250				0.6989730331902053	0.8588440520372126	0.002818762538400754
22.06010101010099	13	58.09503529916802	0.004415027258389661	0.620473141837771	0.8665350824366164	5699449657101449	1.071475104693824e+18	0.9986732649599759	0.5159777866615906	0.2649268239663103	-0.005322073151600604	2.073940283129444e+17	6122312826613259				0.5660744395913593	0.8676691736610443	0.003941572250618653
21.67779220779219	23	56.2396969842489	0.00260388863393215	0.3694195901102169	0.8766899929780665	3127426864558009	8.876271656524696e+17	0.8158949667372661	0.5665807337078296	0.2172614718829111	-0.01985464047271301	4.601571678052161e+17	3113109939373768						
14.15010309278351	16	23.64549102012508	0.001601640242698853	0.3387792070556895	0.8753356622952821	1736083297392790	9.15671656485961e+17	0.8030162297485878	0.5984942898509994	0.1247471268771259	0.001361726679658726	4.089372180368698e+17	1284827882332854						
12.88199999999999	11	27.08711658932877	0.001641886888266923	0.516142096318168	0.8825427599747767	1118092439831403	6.035991622024173e+17	1.041863865966563	0.7490525762343732	0.2230156436516114	0.001908408203105449	1.58420762177687e+17	876157596716595.9						
17.33837499999999	8	38.76405253699632	0.005822806962521508	0.1329187380102399	0.8928235476920486	2084203468769271	2.902134369684344e+17	0.5690407986916316	0.6209838700929674	0.07285018022046254	0.001306109696488811	1.997010839516857e+17	1212166996535464				0.1300651694712176	0.8948408391008965	0.00485814374718212
16.94861198738172	20	61.13156132682723	0.002414323070566979	1.259419219643849	0.8643185494990895	4934454682529267	1.962691957309923e+18	1.838132071873275	0.5920965263092001	0.3651430548511221	-0.007985835573187439	1.236071223053306e+18	4769335131684736	1.016373640027617	0.8618448116030577	0.002558534177157792			
41.76590551181103	13	58.97587834091743	0.001604079351564558	0.6160205972631005	0.8363740838259134	8672761560302665	3.522277914879862e+18	1.031598096510667	0.3839700117702352	0.2883452254769834	0.003975237567068413	1.818069709126798e+18	9366191462149164						
36.49067114093957	17	56.74561377478747	0.0006534229619205907	0.339437844590139	0.8431123371918644	2504727909876746	2.108414699802577e+18	0.7720305101021314	0.2583222065155101	0.001891636904776228	-0.008300853318116364	1.363471570941947e+18	5344136004466760				0.3713432249518663	0.84478898077033	0.0006690614248254646
15.32595238095239	25	63.01659225428573	0.002459666156100653	1.005478848947126	0.8555740612042191	5282677694532110	1.617450034706451e+18	1.601260665840739	0.6912550244609609	0.4569349485080719	-0.00133695338938411	3.130133378223726e+17	3092173758502392				0.9623889691544287	0.8568567442019498	0.002176707144422054
33.32594936708861	6	63.30837490375397	0.003742501519072928	0.4976601782633833	0.8396537406724358	5043331458570190	1.332838330099732e+18	0.8055409230020336	0.4442158844408503	0.3553537548173828	-0.008233344523422281	1.354444281473399e+18	9079001260141472				0.4831056887792231	0.8432288395429018	0.003540638244250703
35.50103448275863	9	46.12627079498112	0.003111387186782199	0.372267449256353	0.868656489975806	3376755307012928	8.849953624696595e+17	0.8810400050762146	0.6923949697058542	0.002589286981125538	-0.007927242728738682	-1.469576289609714e+17	2622234640559302						
17.93485148514851	13	24.36541940655579	0.002361833568583134	0.7617342153855294	0.8973714517874485	1996147949529274	6.672654678632334e+17	1.450672509490689	0.5002973202978868	0.8319165613098476	-0.01070186661979444	4.310229416644941e+17	3836788984273314						
21.60050632911394	7	65.50329140703124	0.005319589569210787	0.1877102857120818	0.8494237115077282	2962371091435110	4.990028888604863e+17	0.5291117668297719	0.603651056287465	0.1032822697765673	-0.01119824786359591	2.834881388893655e+17	3771666780605094						
33.4204255319149	9	44.21177695847031	0.003606018281546016	0.4296339742632778	0.869520074159232	3083706029151542	7.37153595005967e+17	0.928991311093889	0.4271571792697534	0.4176772777121558	-0.01296409095532725	4.067047876303075e+17	4379806732138453				0.3061344100626555	0.8688649139333383	0.003403593906015567
24.18967213114756	9	53.33771254418019	0.002159686952888357	0.3500844685530274	0.8694953322898599	2877126191873350	1.116666885353444e+18	0.9299690222200567	0.7151416585573435	0.119525811434102	-0.007590252209251913	2.817134392285978e+16	1775660896379570						
10.59906976744186	12	56.23862393533708	0.002827963124486014	0.1041215489391484	0.8849455181651433	1696200899934569	3.802106395733195e+17	0.5464796024017995	0.571185803173146	0.01915908312461297	-0.003805287050389961	1.30163216680839e+17	1075073330627445				0.0970682376232021	0.8858798490860665	0.002644114278457803
22.011875	2	31.77556232517406	0.003014981723182738	0.4069422879922517	0.8746111677639757	1738404069852904	4.883377004078445e+17	1.064719033609913	0.499514829584706	-0.0414636365464367	-0.005143561725425072	3.456098823816001e+17	2152883113807929						
14.609375	3	36.77720680341606	0.002214501669252398	0.2739768441878891	0.8750537681936633	1028660247266746	3.328016891906789e+17	0.9968706279621143	0.5142138430655169	0.04412585541532477	-0.002117486375755484	1.941824668240623e+17	1000354148754247						
10.65625	2	68.4825061747643	0.001054259540292707	0.04980232105104452	0.828943449383684	858043956075039.2	1.405302196493449e+17	0.3287738584182879	0.4028949250325896	0.02896142048907439	0.002245079104074232	-4.045117813784077e+16	749530308810295.2						
80.72681818181816	2	36.84986530454228	0.004427474392466526	0.5770562650595116	0.8681925364055821	4157495135222493	9.99303076559711e+17	1.023122813767822	0.3781572056255207	1.090383333432909	-0.01322641183517725	1.611276215633533e+18	8867227180742766				0.533547443764063	0.8731523704485383	0.004301596908469651
25.34674418604651	5	55.92101233706953	0.007084215631840189	0.4066956563774648	0.8920495937238987	5089853351139779	6.141587052755525e+17	0.973661644478313	0.4535375200722286	0.2236393805777874	-0.01336804698353355	6.456061428103227e+17	4096585539668014						
37.05346153846154	2	54.19625541861491	0.00449811281177193	0.3016508196148829	0.8581678524733926	3100042726298676	6.494640884152721e+17	0.6269923984567299	0.4738923666285815	0.3836951327623087	-0.008836914378415273	6.399707451554588e+17	4212023429293854				0.2025001341396882	0.8657646680199713	0.004149983511977736
29.0965625	2	58.71544400964427	0.006976005490801229	0.3988413625911542	0.8620345601253698	2891717034061045	3.449347845059361e+17	0.8012506517705278	0.3716292770321265	0.6738407815489647	-0.002009379471771711	6.199549918566774e+17	4529499417003793				0.3069343880446346	0.867337931078056	0.00626163372731516
12.32807692307692	3	49.16727530599297	0.00638169684110742	0.09999630278072308	0.8668993102959759	1624972768143416	1.80710606525073e+17	0.4309581344088835	0.4665381067995543	-0.01881520278313135	-0.01739453016603187	1.97508004887993e+17	2235716627008625				0.1059983367597015	0.8702058607249082	0.0049221154704921
9.898	2	45.32570045622819	0.001535606863823564	0.0241370688313339	0.8824477155860213	567252406617522.8	4.913873134605854e+16	0.3823893662521268	0.4017841603603923	-0.0137853352090642	-0.004498638315020509	-3312142811553456	1003559841082593						
30.699375	2	26.41416018745804	0.003005741420980014	0.212069011095994	0.9120700432214498	2014170468586120	7.770272801270228e+17	0.9630094168853661	0.3369813438507026	0.09423030496568888	-0.005512052640694987	1.056429864637321e+18	5911818886183958						
49.49444444444444	2	33.00366827044684	0.005444788243686855	0.2083302640987667	0.8875343190713718	1651721432739243	2.763443638214301e+17	0.7554417693438523	0.2640605453375463	0.3751470473246281	-0.009362136068650773	7.403973130940291e+17	4837294029300459						
10.72263157894737	3	31.98035331019549	0.001951172694030894	0.1397937604472611	0.8864372328177498	716147128929999.1	2.636273538839585e+17	0.6826834505952001	0.4928069310570184	0.07889499673095023	-0.000677371810059002	1.633403588037641e+17	929331603653042.5						
13.09428571428571	1	36.03074021754332	0.003544022132645929	0.5412361193633931	0.8776325773969138	3103939997744821	8.488864893673773e+17	1.194715601311718	0.4274648095224785	0.5481797127458387	-0.008804490633945949	9.225965625886578e+17	5061600476539388						
28.11195652173914	13	64.3207027081223	0.002629846670580388	0.5891808564883476	0.8400447163224999	6376793098324512	1.984509521294051e+18	0.9691646780074118	0.4568607149427146	0.1214051195042758	-0.002387299319392522	1.157442662577933e+18	8351913894677156				0.5197906992644835	0.8428283963561177	0.002742138609058815
26.1013333333333	16	54.83180399809645	0.001209783076259453	2.413002356299114	0.8854390132812934	4037274283952443	2.470986382162514e+18	3.132908787251946	0.6162081085492624	0.6497743276096797	3.672054927550406e-05	-1.840608917608412e+17	4405753524985974				2.54115766221316	0.8857756743735045	0.001091331016918673
15.75728323699423	16	48.65537640371768	0.0008598036180512256	2.196118016270847	0.8551048794791931	2864585194731846	3.226171783714807e+18	2.903807505946804	0.6387836242069995	0.27844493728408	-0.02414221499877289	1.571415157335999e+18	2264178534636576				1.905543831994634	0.8583096882012412	0.0006913934374922836
18.88713043478261	10	57.74189524871734	0.001117197061774646	1.10561917344446	0.8741439660925643	2487316036981493	1.745316325695478e+18	1.732903600977806	0.5076112870497989	0.03536318575036712	-0.005260831626032414	-2.475213714401334e+17	2028279322461336				1.242753343435189	0.8779346452643189	0.0009004164300652917
15.7125	7	61.33145994986668	0.002522482931578469	0.2464509674059583	0.8767812019090946	1350434940798705	4.697403569226581e+17	0.7443782429933608	0.5312850926789596	0.2956173546778205	0.001600754065506083	3.586391357469822e+17	1301505376255943						
35.6	4	67.5403526131629	0.006922102350832467	0.1393793752944113	0.844469334076271	3985546054898017	4.962856785497682e+17	0.5295068970760096	0.6171059072550822	-0.06671476167587048	-0.006676858623240745	1.737527867950907e+17	4591861409973570				0.1439424599285556	0.8532982612929331	0.006525285972037515
11.16785714285714	4	50.38499566982097	0.003513257800644883	0.3359822333130664	0.8964236288341487	1330576186082304	3.281643649297819e+17	0.8129318789634464	0.4699716515820541	0.04648300855492882	-0.009227625901705783	2.784929543995193e+17	2275425784490211	0.3734796915144745	0.8950906283593595	0.003572727916317055			
26.145	2	62.58345701923275	0.006850374638223319	0.2700718353472031	0.8906296954846363	1885577687701988	2.158130066785363e+17	0.714434839264135	0.5211152703504505	0.1833552875629174	-0.01152704707380503	1.524430958525383e+17	2628727235966902						
12.174	1	50.79637042173195	0.003021430464329996	0.158069396578016	0.8878167999225979	708872825500814.2	1.420153820698225e+17	0.5510261865407593	0.3940135220552858	0.1333505695346833	0.0127960382910387	1.07190362580384e+17	821103890825297.9						
22.85846153846153	9	56.6403829367362	0.004219959523109916	0.8694470450292336	0.8675933148232069	5515280478277703	1.284471113277985e+18	1.474508101797999	0.4663339361429069	0.2258237664697454	-0.0350811637135493	1.06412129424362e+18	7920282327332439				0.75331711327624	0.8734465284533532	0.003851609515572682
27.92555555555556	4	59.49389516274348	0.002744345474003132	0.2103489077694242	0.9153245623970068	999851987523093.2	2.615966079268447e+17	1.026845449754058	0.4947697079229448	0.09426148134428977	-0.006724247560422447	1.680808270110589e+17	1598539906023415						
22.48755102040817	10	29.09452620742348	0.001918101654037974	0.3435546950969775	0.9022866296693628	2161147526221186	1.161675290300321e+18	1.246120732599987	0.523773475005104			1.063920609435592e+18	2817982368144418				0.3479905672572576	0.9028888661006157	0.001871744666092333
12.77441176470588	5	47.46103396215113	0.002921698174074202	0.2201986813909627	0.8996703900778735	1787209577122106	5.478689861675199e+17	0.865171801897226	0.5195282626059319	0.1371498430124195	-0.01099698190826248	3.080912452972963e+17	2277865567329545				0.208505474486458	0.9004739846862183	0.002486112572868595
22.64131578947368	6	34.74444424223776	0.007184317554808617	0.08587194303934606	0.8418723950038224	2072961053211292	1.700277875617117e+17	0.3696609100336972	0.7115486207448325	0.03450948860277407	-0.00297306322447255	1.573052446874733e+16	1048245827097960				0.0858973579579884	0.8436395902452749	0.005777023954378371
13.44572815533981	20	35.55991100207181	0.007573900308824343	0.2114686925743013	0.8706042608003726	5038278440112321	5.997681946738116e+17	0.499908074761679	0.6512664409683921	0.007761928545967661	-0.002536861598441131	2.090157111506564e+17	3010070430565957				0.2126258360014969	0.8706116991452402	0.007105306200961723
32.82464285714286	3	52.36737446074778	0.005138997378343908	0.1678698705383398	0.8539261523133435	1804190195722595	2.888397702182294e+17	0.4402797897284981	0.4756291985230676	0.08155566227914463	-0.02583743939350858	2.082746313363329e+17	3476319926904872						
10.95253731343283	7	35.75406895821023	0.004926561120927232	0.2336248599019868	0.8556179456324539	3147194742219200	5.268957946288608e+17	0.4922059423688922	0.6615036778478972	0.09957649519582756	-0.009602073783276266	1.564750927718396e+17	3115888999648784	0.1948541949499831	0.8524531663523708	0.005571124632743345			
14.14153846153846	3	49.17967045412389	0.003694093882559436	0.1952573214605863	0.9238483048264675	1399152083326730	2.80731809655285e+17	1.190267355833597	0.4843331558130056	0.05126512033363409	-0.0002054456362167167	1.672704284817002e+17	1818661037758955				0.2007591610060179	0.9222370117562936	0.003320754659233243
30.91311111111111	9	42.77481345629642	0.003918474375706666	0.2701561222723822	0.8607222321902045	3451360592025080	8.17765814976933e+17	0.5922975821085842	0.7087115233304095	0.04390594937766756	-0.007875050450030452	1.872269204612627e+17	2475388563744729				0.2745839996816462	0.8582506836905556	0.003688201393266101
22.21317073170732	4	62.27835152669773	0.008312837158694211	0.5080693115160592	0.8538746284025116	5798592955186584	6.483841701614404e+17	0.9458977559109428	0.5190145818673718	0.4542646476491776	-0.009925593344593975	5.075697831468592e+17	5828717978647376				0.4519794673702739	0.8561983020052343	0.008081688119307017
39.60789473684211	9	49.38844142181885	0.006049207263499368	0.302969145761212	0.8446322199634595	5205473304329900	7.604823334499754e+17	0.680145334425046	0.5306284262825715	0.2533635136796695	-0.02381811401440492	5.688207096861796e+17	5597646429085210	0.2969583518595719	0.84042732219161	0.006506436325866569	0.2974028658036166	0.8548206562227927	0.004990953654443617
109.6214285714286	1	63.20272422460992	0.004730857780602396	0.2121117694820059	0.8580482157295574	1801660636819855	1.730924309287411e+17	0.5432550885085001	0.6172833815313149	0.1972997700325939	0.01072328231304887	3.765575681387088e+16	1144142968486275						
60.73999999999999	3	52.76002957933577	0.008734267490496501	0.2503584676942913	0.9035063420430647	1710649808522328	1.228794551134216e+17	0.8368690202506479	0.3678540603317419	0.2993018626811497	-0.0003257813763266615	1.624934718368311e+17	4302165580515194						
20.34190476190476	5	58.03281682086082	0.01149421738236989	0.1300300526940465	0.8318501370127573	4184487885457668	2.80436315636701e+17	0.4961292224231395	0.5009370574873997	0.1789799563516105	-0.0007672771964969405	2.212438403159963e+17	4848041580081955						
9.171870503597125	8	30.48833684602364	0.002407441273549216	0.282369698042954	0.8804610633599123	1867560612442430	7.337248079026717e+17	0.7756929911804156	0.6535061158613331	0.2183780717396994	0.003168676389131764	2.188095019255794e+17	2966866932286036						
22.56499999999999	1	54.72213448960225	0.00706744277831869	0.1613863961998844	0.8475330767463731	2318613395390356	2.934275381341216e+17	0.4795214855695273	0.3117001724521992	0.1434649811330758	-0.01315485127330818	6.003479588237e+17	4983217628486544				0.1448366531806041	0.8475337134221129	0.006374002391010038
16.74769230769231	3	32.62279258837459	0.002361704557115238	0.1821808327672374	0.8512626569524748	1181425358205912	2.457485291199224e+17	0.4947190698864896	0.5257331441158362	0.04414156362415314	-0.002212887972325994	1.101925689955848e+17	844764578369394.1						
30.84814814814816	2	59.42050173215717	0.007155445136610529	0.249962368330671	0.8476169576537157	1639126706112380	1.356352048832638e+17	0.6366801375230048	0.4037751384302251	0.2473609087668621	-0.007498602476253446	1.479447700908504e+17	2430314295647614						
25.50379310344827	2	58.15653710522173	0.004768845154858145	0.1482137864497246	0.89932883289933	1145363677760794	1.780318880180336e+17	0.6701741065848132	0.587050768880392	0.2185616078100587	0.008749176216978682	1.085993442778622e+17	937512632510085.8						
13.21792207792208	12	57.56315918777049	0.001573433270634194	0.6093282964536012	0.8979665709546943	2168367864620662	1.189480799376238e+18	1.120273043967248	0.4600854824079197	0.3331099307389632	-0.006923028661919406	1.107729019565519e+18	2799201550185416						
14.56670454545454	21	59.23565754127114	0.002588558583882428	0.4671296093148471	0.8939974518245083	3559899523371085	1.212609998043485e+18	1.015430390091307	0.4078367940905581	0.3301772002461953	-0.01033313432363425	1.479266137946434e+18	4713304830875268						
16.9786	6	52.04537793916982	0.004437758084531101	0.3297870538413891	0.8720613432035869	3860869531878976	6.922398691959854e+17	0.7188075717295371	0.5155642958974147	0.2392157090435878	-0.00531577500721625	4.31697034976053e+17	5154613726949394						
11.43547945205479	3	17.19440078002301	0.003511963349928272	0.2393124174094529	0.8992554308409643	1150108715952528	2.036949564639027e+17	0.930865077671444	0.634179484340182	0.03996414033878909	0.0006743746223862868	2.976742029612058e+16	1205167682862871				0.2669870659387154	0.8999427448460701	0.002433039205974192
33.94208333333333	4	37.84619293018363	0.003311554755872416	0.2458072247840485	0.8951174761233968	2409834479166551	5.682910697593764e+17	1.18915246575077	0.3930550166227602	0.08514886032098828	-0.0008551821828095552	6.536052489925594e+17	5346876358278082						
9.510909090909092	4	60.66865084676097	0.002582550900382199	0.372254301944154	0.8863530303613633	2346071666388717	7.379097074866902e+17	0.8645710352798802	0.5596840411720286	-0.1347190011522521	-0.00115928507559071	4.069870278254636e+17	2483155524354354				0.4298678714128412	0.8882474036877083	0.002339390743003014
19.118	2	57.86239851010744	0.003642351763251449	0.2115574744958056	0.9000245577611343	917540044165693.8	1.216939306887884e+17	0.7317321582186238	0.2772721834670677	0.2826034670964556	0.01652011958822996	2.878203636625482e+17	1148316459758234						
8.004000000000001	1	59.50715768085445	0.001232911451071361	0.2178023875501822	0.9076596503497633	592281113459032.8	1.644802139787848e+17	0.8475460393200989	0.5609027422373373	0.02191625040144787	-0.004608921395143017	7.916223769513347e+16	403810955736918.4						
16.32208333333334	10	26.58041780476135	0.002637717979878951	0.3192361112212255	0.8495859582342153	3164316805437886	1.046372342931822e+18	0.6276080190063843	0.6609362326879888	0.2045562908252642	0.002014491279120678	4.867954876548019e+17	2271237467268690	0.35045731298023	0.84763623046198	0.002836945108305641			
17.13322222222223	10	27.79602123387885	0.003043093861697473	0.2818538990434479	0.8512442675082005	2891164234388182	7.660474303984582e+17	0.6175884180660979	0.804055417036535	0.1098305840445131	-0.003504516390496759	4.147232164067238e+16	2208398108029962						
28.74	1	63.66236744496994	0.002262902415149935	0.2123668102119622	0.8748694035762138	1363473038801986	3.220878911649937e+17	0.6602230373226495	0.5074484326375323	0.136477196939986	0.005406820888532837	-9.778052278096186e+16	1077917332808181						
18.47123809523809	10	29.30048899333093	0.001569520467190794	0.4419002876695534	0.8887698610236334	1731086188800549	6.909499738566209e+17	1.059077166003979	0.6109174058908757	0.07303526134605437	-0.002586172439876355	-2.203931877925338e+16	913410763152130						
8.582417582417582	3	44.84965247659692	0.002865056249064187	0.2783994967548134	0.8538272512337184	1692701048347711	6.392345526902673e+17	0.537952170688946	0.4021105210784767	0.1459373043843623	-0.0007136009578364577	8.573377168861089e+17	3556712855911820				0.2635791517548701	0.8505476516224543	0.002728477193114253
24.71783582089551	20	50.84306291977273	0.001111304894985484	2.256912341853725	0.8496673072630277	7144405547672920	6.23005992134641e+18	3.236193251842423	0.8649817423438206	-0.7369572703772949	-0.01126458535376318	4.118671130466703e+17	3308067158738799				2.311111562310319	0.8484158696809118	0.001049504488251491
14.79512820512821	3	46.40456050946166	0.00195789284060982	0.4956147696705518	0.8967002573366958	1236961356712305	7.062559261104031e+17	0.9821082101277798	0.4797746857742752	0.3844650776840398	-0.006307033042446619	8.717055872938743e+17	2039345156591348				0.5009699106275585	0.8971380416732986	0.00180866281690532
17.63538461538462	3	35.99555317143773	0.002945800757546866	0.3145578570082868	0.8886907484313528	694294902661901.2	1.312285939964446e+17	0.9019515711232138	0.5318029759970908	0.1345956742959319	0.004289265215947191	5.596318833497574e+16	1363793699050704						
17.65953947368421	9	65.12508225419606	0.002631698980713719	1.671866838343771	0.8553599295819256	6274915186826561	2.304100205365833e+18	2.208595576292468	0.3661258257020928	1.101108841621333	5.889428121963469e-05	2.817694873652234e+18	8633452524783247				1.524661128977681	0.8562733414147891	0.002586070164348082
17.87193798449612	12	54.89460855419546	0.003979413014831653	0.7888624020536731	0.8646659493232424	4034958376007210	9.738717496872722e+17	1.424582500456743	0.6555029813137205	0.5386525327053943	-0.001560620143648661	5.697805471019333e+17	3926599038254230	0.863820655580632	0.8638725347301957	0.004107874394773672	0.7216503851540758	0.8671180110249428	0.003596105232802003
33.93264705882353	4	57.32762418404442	0.005453321107845905	0.4892611266303563	0.818883026828628	5679051956530991	9.960774464836471e+17	0.8061173081424311	0.4778322395136186	0.2160936011369965	-0.006231652122279274	8.231104814381327e+17	4911905106187938				0.4558240724029534	0.8235407026692468	0.005296668391696288
13.52205479452055	9	58.29128586290076	0.00226054784553083	0.7160203562438986	0.8711526111351449	2733411251390500	8.287114128105902e+17	1.399909995350553	0.6801662577736856	0.1402425302716588	-0.001424535011421924	5.977965680985344e+16	2143549427140940				0.751074258990541	0.8728337235141731	0.002021617530865776
18.29326086956522	3	41.06355942433262	0.00312375700004302	0.2160740380212011	0.8738225578926145	1233811494004574	3.200220334250237e+17	0.5091668151753034	0.5143636188090924	0.2080110472505085	0.003461371581361727	2.443914864704534e+17	2277800725953839						
32.84	2	40.27039826848871	0.002660923544115163	0.2229692040930678	0.8819611163349843	1888905881756128	3.121020703988372e+17	0.7197279879195702	0.2710927106927017	0.2601887539863369	0.008887834060898547	7.973779536216462e+17	2464763870632151						
8.549523809523809	4	59.28003705476838	0.002053599804107181	0.1598635725639593	0.8589002955766241	863996719236806.1	3.53879228859714e+17	0.6468297608956368	0.7695638731202601	0.03998101493993289	0.005354313347385786	7.449656630855187e+16	686238085504603.4						
20.13842741935485	31	45.15973575445502	0.002314422967408741	0.7216566092460562	0.8800477478446577	5605615784156808	2.471282246319651e+18	1.280256113718379	0.4725033995044857	0.4533116695344284	-0.01122600813847441	2.386474812030645e+18	1.011965749871677e+16				0.7039964127657073	0.8813494345331004	0.002273381493103176
24.74542372881356	15	68.69878611380911	0.00255886236955231	1.962632288926746	0.8688924432534906	6208365067174501	2.33573073955192e+18	2.664236190767004	0.5896884303860246	0.8192587184570193	-0.000514734337949907	1.223870637696266e+18	6368070899893986						
58.86040000000001	7	73.88715656050701	0.004091180912256242	0.2567318931369477	0.8719235136896522	3610382852577687	8.503481678734506e+17	0.8704423392453006	0.638300242218679	0.03620603456041921	-0.008662667504198862	2.486998459494624e+17	2532589567454826				0.2333120674403455	0.8742164409435045	0.003996358468707772
37.2858620689655	13	67.53675080974234	0.002719454449965045	0.7066930802708994	0.8671123868318859	3493430030010714	1.145547012289991e+18	1.361929969894801	0.6655591920708349	0.3083640033320573	-0.0003298489222679502	1.565695903456178e+17	2745653968210626						
21.20714285714286	4	46.91575290906674	0.003034514260497168	0.2778671086668852	0.8671058818139524	2342965920587082	6.360248950690515e+17	0.6941610941695658	0.6097940533177106	0.189148852824812	-0.0001370160504626794	3.822737115754405e+17	1660983971009266						
20.24714285714286	6	64.30656251788891	0.004606693818539206	0.1846766204776739	0.8601134346206962	2722416890308408	4.197114436117914e+17	0.6769766027768844	0.621857330094022	0.1690207706771675	-0.004197269117615754	6.665011746365882e+16	3332651321968084				0.1863177219452313	0.8609237448345084	0.00359524267781299
12.96916666666667	8	68.56301759378043	0.002702119143791671	0.3247089357398694	0.8808970529887364	2027286252751660	6.694653952055862e+17	0.9912875908527155	0.7307576059751377	0.1595146659580141	-0.006225084283123072	1.267573688091777e+17	1047684421900558						
17.568	2	38.06913305051869	0.002324897950405389	0.1278116186859298	0.8947895230223555	773911862272310.6	2.383181338800163e+17	0.5648403806117285	0.5950289106874764	0.07487659572932465	0.002606656025092802	1.365543921332196e+17	1042274738663174						
24.415	6	44.9225189828395	0.004476889042412165	0.2351458895058256	0.8633174742789161	2651659478659204	4.120258752943801e+17	0.7021526417489367	0.4519520674771723	0.1440648016530777	-0.001286821234419588	2.213971255481992e+17	2762006891409854						
33.88743589743589	5	56.03934729994451	0.005063890861863199	0.3180643037807617	0.8302006464414475	5652452883024285	1.106053505369399e+18	1.112316305868694	0.5296482523161914	0.189465775658523	-0.01359321781256173	9.408207782547913e+17	8131784187887303				0.3674441508685051	0.8335849879815589	0.00485403179055421
14.43467391304348	22	66.39028799432927	0.003606948777563726	0.5786695588923474	0.8870154430743451	4862272192724441	1.228611616849408e+18	1.343256916423234	0.6311292493761063	0.2499176671864084	0.002399985969170459	4.354505140754423e+17	4309459347366687						
26.037	6	60.51249490844626	0.005370999073415567	0.2429334604976602	0.8567092350048769	3242490582503146	4.197239772851029e+17	0.7014464760225637	0.3168680261458302	0.0508615677098441	-0.004071346035011802	3.895217335675004e+17	3024129398849721						
13.71380952380953	4	64.34770764915095	0.003386665407927147	0.3174679694334023	0.8614978246390481	2962954937107554	6.27461934026601e+17	0.8828528843258789	0.5194344112827198	0.09378793242458272	-0.003763387522308981	3.067906399264255e+17	1915078287897438						
11.1675	2	63.58673788295216	0.003493624990746185	0.1566938624334857	0.8825925427715519	1817793205719802	3.802173799521216e+17	0.7308497951853482	0.4067998960529725	0.1492362450318761	0.0003112012694629351	2.546736699383973e+17	2360147667166438				0.1591127994676687	0.8769841891498812	0.003482713283128339
35.08742857142859	7	66.90586446401474	0.006827222533671816	0.2266397152601724	0.8359883002402881	2955206145705698	3.693956163781373e+17	0.5472793910582338	0.3668636882629564	0.0938987504162557	-0.007988101836347794	4.985353550879117e+17	5346169170284360				0.2299017175490918	0.8362387803727509	0.00580987423119223
59.26842105263156	2	70.81171703437207	0.00295647647633893	0.3760533079948252	0.8710292044736522	2290213206861134	4.661148912662157e+17	0.7351718467753868	0.5594664040747425	0.2585752210582877	0.01774723127410727	1.705546027290536e+17	2416915904207696				0.2997580347116939	0.8668085244158613	0.002833651367324603
123.87625	1	67.83958430103779	0.004113219931157737	0.2320319601671931	0.8533525708727899	2200171564038403	5.069338347399476e+17	0.5683048925326508	0.3110673449723749	0.3519847470192322	0.008608746121061661	8.775020438042703e+17	4278493521619195	0.2276680055400154	0.856585805674656	0.004513971288863377			
30.79266666666666	2	70.09220741308779	0.005689171368817955	0.3392949593966922	0.8578290478776615	3046276574540529	5.425386143963164e+17	0.6800415086296483	0.3910052726595704	0.3892727442089789	0.002306348977892947	7.652982682644303e+17	6466530202561854						
37.13700000000001	3	68.56906434059121	0.007388318910492566	0.254198712505	0.8721189601780484	3045001164858512	3.327913898659301e+17	0.6432535690689667	0.3897412167774999	0.2052278903104829	0.008503593132886067	3.634980825105336e+17	6267131740489038				0.2502779479087969	0.8714513210339896	0.006849702987487448
22.082	3	67.2349580946955	0.004583253344405697	0.2718157385768601	0.8676710013685991	2141974228155250	4.129585861813489e+17	0.7353773082995095	0.4649052892116107	0.3299078826291655	0.008088890042472929	4.773327286526762e+17	4301705086866417						
13.9775	1	75.76672461050521	0.002920114135294133	0.1347311147851649	0.8311035622864364	1844544521610525	3.804233939018046e+17	0.3732325783899419	0.4948155040307063	0.09321301489204951	0.01389801864751072	2.32525098270001e+17	1085488203778710				0.08241503406641384	0.8174247617704385	0.002763122782379629
14.27031250000001	11	56.29457201711353	0.002600631479609789	0.1636272954032756	0.8779085881328688	2017198242036979	6.966390528837865e+17	0.5255205252741559	0.5441684954608199	0.04101924011134839	-0.004474618346085202	2.570760323270267e+17	2761992467707800						
28.80277777777777	7	59.17288384719432	0.00213375144915422	0.2800215248611664	0.8829791387715108	1869872059142762	5.377418837693825e+17	0.8284636770404596	0.6278452939694219	0.2155289261991091	0.007871110897587075		1735944049345261				0.239518841533578	0.8845281648164192	0.001814043185710559
16.02724637681159	14	40.05760387045099	0.002865511173835577	0.65527288210912	0.8611572795849747	3381190401754103	1.123500236781389e+18	1.243722076999699	0.5349422401556864	0.4972150345887805	-0.001149474006204798	9.127310114038737e+17	4781437849708265				0.5397312692346405	0.8588828341801243	0.002766562925630795
12.88450000000001	4	28.07371567513858	0.001823321095903342	0.2609693069787096	0.8733944674155063	1182022618645020	5.441763401493162e+17	0.6934807773745493	0.549741417493626	0.1553386547596383	0.007011599944865221	3.697914100279245e+17	1519765133664472						
7.677647058823529	2	59.55194703002125	0.003629708125580949	0.1797127984106004	0.8676881661022305	1390188025022468	3.865616417151355e+17	0.5473981365380048	0.5517691199449773	0.08481902260370602	-0.003495013117989165	2.933233167052346e+17	2382526012487411						
34.05199999999999	4	62.60973612171711	0.004130901684840954	0.2288250564932992	0.8753207212754091	1549676790528964	3.100004127359395e+17	0.6621228617788089	0.4331136251396718	0.09567492361071556	0.003539797156231761	3.391237981611601e+17	1788109580698938				0.2095314142699919	0.878105839108225	0.004065266320802473
17.022	4	38.54638695077702	0.001556122081478832	0.1191315419247055	0.8602577194523839	874779424936586.5	2.617194928616529e+17	0.4568168393515993	0.4338841254303002	-0.04431207959013818	-0.007576077447839946	9.999413199026381e+16	675336769787572.6				0.06176318476896602	0.8653663253906237	0.00180330421856261
38.8279487179487	71	43.91312192962057	0.001920338968776869	4.634491688683333	0.9083755707277628	2.113438252163334e+16	9.51403708590363e+18	6.485341249870982	0.5265263281896163	-0.5516586152456986	-0.005946990415916509	1.806727680307268e+18	8343952143548972				5.162678985290579	0.9090144112674388	0.001402214722270161
27.54834808259586	31	44.6980531085698	0.002292410303200743	4.71261514868336	0.9042245174050677	1.420641846012717e+16	6.297747584188801e+18	5.698502236057808	0.6981581142194132	0.6489393382263673	0.01364336804656974	4.517695980200684e+17	1.03191610083329e+16						
30.24090909090909	4	41.41495827608244	0.003564523569218134	1.601799027844112	0.8752100563426963	7533477971051109	2.237918685861889e+18	2.399988092958871	0.4824603902017727	0.9021962629297535	-0.009741305991736948	2.136350903839037e+18	1.1102012377815e+16						
38.84	6	40.45810154337812	0.002332925160007596	0.5002795188232144	0.8674866058068751	3379530269327911	1.379893346842439e+18	1.275420582207712	0.3340886510106899	0.03204252147060943	-0.02761998419980993	1.797954040406115e+18	6354416387714160						
41.41777777777778	2	38.4344731225243	0.003086910087184366	0.4971215364240681	0.8689648964316887	3170565783010389	9.613896160630208e+17	1.193892258809605	0.5266845397700922	0.1482084620220203	-0.003643531303174741	5.491668376538203e+17	3154499225332100				0.4112443603600384	0.8709355499622718	0.002882396562917082
10.5421875	6	27.97320495153641	0.001772452063564609	0.3503063604269232	0.8981956503079681	1776092276813445	1.02020816925809e+18	1.04425941950061	0.4116563944051894	0.159061970228039	-0.004246674480398616	1.341850077553051e+18	3638288079892488						
27.04499999999999	6	64.08912645322566	0.002189341791553625	0.6187792177185717	0.8820459665993211	2422236270730008	1.060837275072892e+18	1.286985727670728	0.512864017204524	0.2970841931454294	-0.001105458808594029	9.471986931725608e+17	3940957272660460				0.6112750584805094	0.8818156090454393	0.002104082019774131
13.2590909090909	13	62.30263150200249	0.001872522914439583	0.5270949643934222	0.8868639896561691	1862277569540766	9.161479484316959e+17	1.250635857888051	0.5588665709974514	0.154320149921359	-0.001302304050984304	2.684321356313929e+17	1729161858936616	0.3833842291301719	0.8859256643937385	0.001845854179614151			
26.074	7	70.06010056158669	0.002981529543928287	0.3476709419723015	0.8958214284587079	1449689741644669	3.62183862085295e+17	1.014756795553023	0.5608165675958714	0.07726092571164073	-0.007018245677225532	2.1674536296249e+17	1431892237036289				0.3255081796602141	0.8983478088083313	0.002524948521864362
19.10166666666667	1	64.77562824577701	0.005094078944930818	0.08961149161952009	0.8633599993742033	1101756616533792	1.758899241991139e+17	0.5900920759135417	0.4380109300950307	0.04049088939695927	-0.01793551459815024	1.824285874538486e+17	1537279277804216						
18.56183908045978	14	33.54043073172411	0.002072423636163079	0.4587829419559035	0.8825958730246206	2686236310548008	1.122906716980001e+18	1.162127811755365	0.6156597958859333	0.1492541246649658	-0.001575579194403987	2.652247730359607e+17	2541279987771075						
22.00766666666667	6	26.39702696671099	0.00142477001654171	0.3619281017643399	0.8758035435962619	1804960203681508	1.124446384452844e+18	1.106209426804054	0.6031738549967897	0.04998967629191148	-0.004274345024736781	2.135658088800433e+17	2360126368072014						
21.68091787439615	34	72.57485425851507	0.003584376961689602	1.716850986921077	0.8754084682387027	9578638631945656	2.300259271041405e+18	2.87426327588505	0.5013471720691911	1.263272850452807	-0.002180406596747897	2.009525485614719e+18	8005129643432682				1.689406960815983	0.8761632303485895	0.003523529442800806
21.17030303030302	12	63.51263821232253	0.00338632301397737	0.4801199776121554	0.8952569808255881	3796460125045021	8.989497455967155e+17	1.350754973332502	0.4345594186423052	0.1450076001337772	0.002474371456901991	6.821136710750438e+17	4400194003035158						
13.54166666666666	2	59.83215765615583	0.003397278176904256	0.2909510547258157	0.8805500641845578	1948671397613282	5.105940716509101e+17	0.8495125074613247	0.4835176948160929	0.1637141436759403	0.006543590736772908	3.356200953250202e+17	2107902772926257						
7.085	1	68.20265158160073	0.001744879601449371	0.2008258898508038	0.8849407100975124	674691007093257.5	1.749418497997218e+17	0.9626529115111652	0.520652335911073	-0.01104899437924081	0.000319531264664108	4.124756062629632e+16	437576015581430						
18.81749999999999	9	37.94410034033762	0.00321262944005307	0.1736103771110646	0.8589861609425498	2176592372360608	8.987355690567016e+17	0.5530298249093468	0.398469528975804	0.02051729005184799	-0.007643974053522906	1.100826714599762e+18	4775274992187562				0.1669913993482704	0.8587047986801081	0.003216614995247498
8.725895522388059	12	36.19277968744682	0.001865595274304091	0.1967059176378944	0.847242665199458	1801344389300486	7.237875750708675e+17	0.5215268034420746	0.4094020692636097	0.09415249699711728	0.001674366997266308	4.424036630967031e+17	2371910044051495						
41.958125	4	24.42151313906236	0.00171433467445041	0.9439705960129308	0.9082890524856412	3141229313236930	1.495203758299586e+18	2.186655261564295	0.375908546156405	0.8630943060149703	-0.01353846137909309	1.78697058837717e+18	7355535002386271						
33.61958333333334	4	29.08496962075604	0.0006254594596067925	1.301388943316554	0.8853303939914285	3144517859857048	2.515552312602657e+18	2.178722518094505	0.3853880016916771	0.5727087693716864	-6.410170287041161e-05	-4.239369292824428e+17	3047522506194738						
16.56367346938775	12	65.00708914699656	0.00465251878377699	0.3628211692881368	0.8956182195842187	3111520011984953	6.224542136903759e+17	0.9699281200190555	0.4952757975548755	0.2615401549041868	0.001749678842275282	4.369704837556445e+17	3277996659324634				0.3243008841783396	0.8975765920972221	0.004179599690872481
28.835	2	40.34541778129447	0.002892581978523275	0.08741706472078437	0.8208222787097365	957939249066714.5	2.34016571415913e+17	0.3175531067801555	0.3633113208497358	0.05810454565638679	0.005672259940383007	2.688587856286336e+17	1085570498436922						
38.64226804123713	16	35.03431931904992	0.0008211824027388122	1.193421622809874	0.8532902884080783	7501116059408090	6.717198508440091e+18	2.077258756951241	0.5220204028166624	0.8823460003505321	0.007526244851362884	3.813959084454504e+18	7052261685810409						
22.6255172413793	9	75.35608004630767	0.006108504665985506	0.4285591255140689	0.8604169003049444	5578190782221845	9.078267481883744e+17	0.8450497546841383	0.4775555721325761	0.3583592256789048	-0.0044583936737983	9.307780420668911e+17	8448519006927734	0.4821378176462388	0.8574353625091166	0.006538185121156967			
55.702	4	55.43981804373138	0.004576252942362072	0.2777954249541985	0.8767324556786875	1989443888229566	2.62780202958523e+17	0.6848871916255563	0.2090318583338579	0.05872931276799448	-0.02403197259468892	4.742709226720748e+17	4654887431896182						
10.6634375	9	66.86060399582951	0.00388882246274439	0.1772398201283662	0.859610650536868	1972795196134385	4.363069443209183e+17	0.6141713802397766	0.5383978783363899	0.1953233718459121	0.006832401476408845	2.944382420480767e+17	1980788338525163						
28.48428571428571	3	45.07124054607748	0.00159191236887565	0.1005239642581543	0.8363316749696014	689097680477285.8	2.501168862420267e+17	0.3063522224611009	0.759021282259715	0.04220407144074875	0.005279754245339552	2191338336225728	442160872274575.6						
5.385483870967742	8	49.74675489194003	0.003359777103963112	0.3298902097366028	0.891133092087356	1496641982058694	3.224238446810895e+17	1.02382970982985	0.6419276878292993	0.1392715380801695	0.004176858660293381	1.734341982062385e+17	1241771140354810				0.320554859375846	0.8900757670329058	0.002146412553998098
15.32575	7	44.66832065946415	0.001448001844150522	0.1366770758604069	0.8622683486371862	984266300378948.5	4.329607439475095e+17	0.5680588638142982	0.5292374277614433	0.094076029620448	-0.001505400549637215	3.841435290691611e+17	1248329460018218						
34.51	6	68.13644980329116	0.004716372143735299	0.2917850286025603	0.8538472217398675	3078133957244348	5.733817935547487e+17	0.641298506113156	0.5109647045929514	0.2009951140681565	0.004982719958658288	4.859044107193166e+17	3998621710503262				0.2153007434190533	0.8508538673070781	0.004284325135544275
11.00810810810811	11	44.4350921554819	0.001547491396196042	0.4440417908743757	0.9021721657923826	1463686296899008	8.590111365575927e+17	1.237936793079137	0.6057561173038162	-0.007461998747162635	-0.005160787714433845	2.406628688771762e+17	1484422215027672				0.4807415654112763	0.902285564710955	0.001467945076587887
12.949	7	46.55849878678372	0.002717568137945601	0.1589614774850779	0.9098775666514927	1158772499945669	3.971008146781201e+17	1.121186380026907	0.3812465868916148	-0.03950363527014897	-0.00238638638497668	5.506574115359316e+17	2261034466375236						
6.555	7	34.56269046293029	0.002261079629985684	0.2287200880361535	0.904919595547634	1260321292592571	4.337858727216143e+17	0.8210096573152087	0.448835145853512	0.2637196660508803	0.009107600246537007	4.815413456267066e+17	1246312151674860						
16.488125	5	68.22175903696528	0.003392853719783573	0.2173768985909887	0.8762230241983934	1867636474488629	3.458874833213988e+17	0.6275455449299403	0.7794817572478017	0.03875310930898634	0.0001964953565869454	4.604857906659405e+16	895735542813573.5						
13.98333333333333	2	43.34996519571641	0.001564094240721518	0.2410884020941169	0.9034133545454915	943257591154520.8	3.855227772776778e+17	0.8751461122664	0.4799134607933427	0.06753911042877692	-0.0009253370479466172	1.506780072872186e+17	854865070955626.2						
8.1325	1	37.77372833046848	0.002372776006200364	0.09468649870963915	0.8399346492075548	600908439077794	1.182007259210829e+17	0.4649238968024152	0.519879621995876	-0.009102460080989624	-0.001666988921438683	9.327323304393832e+16	478451014910671.1						
37.91876923076924	7	61.543431330596	0.00448570478943887	0.4197195151723218	0.8195262932343961	7054067337062533	1.155340434588395e+18	0.7498627133440372	0.3787552674343151	0.346647334015723	-0.005612084061682565	1.441911155712316e+18	1.074581305169066e+16				0.3556150732384988	0.8203957454555912	0.004191331367516729
9.677452830188685	23	52.94641779221426	0.003650311159751319	0.9558953111502575	0.9038994993004099	4870794544923893	1.494211619898735e+18	1.707171904913487	0.489605634566024	0.9616610366127807	-0.01282882218455139	1.601539635048125e+18	9684588101164656				0.8963702980891396	0.9046775517763948	0.003562034900531225
21.95955555555555	4	33.83479819277358	0.002910124102227448	0.3132207365142175	0.9080285166374928	1823034175316506	5.032997008796171e+17	1.137081505486563	0.4960883179575844	0.1019702090178447	-0.007887466123618569	3.43598192239733e+17	3320440879428230				0.3009767043843237	0.9077615843642275	0.002143745953940043
13.50861538461538	11	21.33156152996542	0.001419851990862835	0.4762655612021355	0.8989289452423533	2106062977226117	1.057753925389232e+18	1.184725379753773	0.4311781851687327	-0.01992432832781316	0.005768383280942313	5.078306929684166e+17	2493851063219772				0.502754108881629	0.9000750480903016	0.001161868214601475
16.59186046511627	4	49.43410651427707	0.004660726354301634	0.1279382888561317	0.8586564330424702	1353186339108064	2.310650992116355e+17	0.5285095264254867	0.4383955226350951	0.1265012254446557	0.001614699382922469	2.429477394199665e+17	2245280060470048						
7.753030303030305	5	25.68690997716835	0.001372373978466552	0.3336378211459072	0.9135616950877861	1294292042198529	5.454638686377976e+17	1.108898434356493	0.6884358318526166	0.1450611511097604	-0.0002733871984827996	-1.601176755277336e+17	798651006695043				0.3207647825485304	0.9108321874243424	0.001092656193592131
11.02	2	25.36798127353294	0.001072183439982406	0.1375106520067087	0.9047996801264531	613004591394846	2.085732452944836e+17	0.7773929525528962	0.4727667664878658	0.06338544878729908	0.003338340197973966	1.468190782229159e+17	706739953783857						
6.321764705882352	1	37.14309699616411	0.002483729923568324	0.1422649809408777	0.8684588898782289	799649558005705.8	1.527971400273174e+17	0.462311609949519	0.3225851000357945	0.1053341612503191	0.01220171131038372	2.219299729564102e+17	608681724199642.5						
34.48069148936169	9	87.18319882537548	0.003603264975608881	2.815753889591483	0.8273007761806623	1.048256201916491e+16	2.650534004991097e+18	3.439160873075454	0.6219830569035714	0.5514519387095578	0.001935093909502417	1.536187055582346e+18	7855210325060998						
50.33367346938777	8	66.95707333832996	0.003404749985459123	2.464626159909789	0.8746497142711901	8322489030027897	2.134507988158606e+18	3.142380856673523	0.3007392686240187	1.51072485614548	0.00773566564470507	3.354982787636631e+18	1.509187962370566e+16	3.45032659115205	0.8777574790427267	0.003394957760041823	1.897941061061519	0.874049333096083	0.003473042209534026
26.41237500000001	6	85.34327050160033	0.002450698140592526	2.408516738114927	0.8253705518181456	6211662688815759	1.805554992516052e+18	4.010834044156333	0.4206346393398323	0.05901110910869134	0.002329087078944414	4.600977917119373e+17	2785864361467728						
13.8654954954955	11	66.60161477328592	0.00220840348790534	1.299983578004258	0.8537982222500137	3075096815435666	1.221170398681513e+18	1.890837429699161	0.5824043118724029	0.3864580863433082	-0.009334344302413866	4.208265614200872e+17	3530141297826424						
23.26179999999999	9	48.20438130194501	0.005589988139664236	0.4563035041792117	0.8867636018271683	5099432234805068	7.922522495478021e+17	0.9705709329077946	0.5444233136144111	0.3391916967986087	-0.01178900795973115	4.124180555587162e+17	3818429645675968						
36.0046153846154	4	82.8430218336198	0.002509586981553361	0.6022866480005516	0.8393116191175306	4057022450498166	1.501900553023756e+18	1.310705997863485	0.4800018678887428	0.2482773975839883	-0.003365745794671526	1.490699616337585e+18	3869467721419941						
18.85861538461538	10	49.67320328029965	0.002665882707238092	0.4394747609965719	0.8663670959099488	1993884636730458	7.052732983077636e+17	0.9621863882314682	0.4432830170715268	0.3099328021120665	0.01240145235219758	6.253771400723718e+17	2881980536237323				0.4198253984459697	0.8670701168066763	0.002514516419444486
9.884285714285715	7	66.59651183788418	0.003203595970120268	1.860095085022564	0.8617120820572193	3481303532232888	8.617987051397603e+17	2.766177113227865	0.6424263612532514	1.845018604684804	0.004023557096117791	4.837437651237816e+17	2560983385257149						
14.63510638297872	9	35.99002129395116	0.003340495409648812	0.3210097638304946	0.8855157768930672	1955445976163902	4.058443682652426e+17	0.907859993075757	0.5631466384492503	0.251364484344006	0.009329872455494881	2.670067806172163e+17	1925456005264481				0.2811839483585808	0.883769287174442	0.002469516552132915
18.78611111111111	6	63.6681185793663	0.003211525064635593	0.3706692221637196	0.8833299323164258	1689860190258953	3.747953068993415e+17	0.9471954900652565	0.4964413473983753	0.2052119423039925	0.005479548391564948	1.690716767651435e+17	1465666170541968						
74.28620689655175	1	56.3961371346461	0.009936692300288097	0.4417884972796776	0.8447012593492534	3943051633862081	2.979431132386443e+17	0.7434593668073665	0.2660438988167225	0.8527794483751191	0.003216566296979417	6.390285487892426e+17	1.326538095919533e+16						
44.51739130434782	6	48.78400769992904	0.008550104098652469	0.6650873866199973	0.874434759090562	8147213919384653	9.671931685036758e+17	1.169736840317724	0.3489591359676389	1.051146367539187	0.003567113342744399	1.661838069936334e+18	1.746446686057553e+16	0.6752764333047819	0.8748132963440812	0.008860206628403968			
11.07137500000001	15	26.4537520512347	0.001729238117217618	0.5989468618054508	0.8700259463022274	2411737090945760	1.214160221377979e+18	1.042508032102505	0.6753901635524147	0.249909188166955	-0.001019970192998376	3.99833907399305e+17	1641629054042661						
22.81703703703704	6	42.82282604223808	0.002119072389426641	0.1935581829916679	0.8732404575104599	1385919195592584	5.367900966172459e+17	0.6637317295786338	0.4606517891372667	0.05829723136867965	-0.007377536816955521	4.381361079103219e+17	1761976090403096						
21.3321052631579	3	48.56833955913505	0.002841372310687717	0.708414952993543	0.882069592245854	3462437156220672	1.134635595358131e+18	1.254905187308733	0.4197913958608447	0.5864046177959152	-0.006608220531298947	1.268951773543846e+18	6027417982163400						
37.546	3	27.77931412953422	0.001477534716390065	0.7243081221811875	0.916884836296448	1683649786181150	7.550444958139169e+17	2.970805097620167	0.546510129183112	0.3545388072022102	-0.00649965231034999	4.39528495629766e+17	3715826468042556	0.6784173602962651	0.9162132771259254	0.00224649904105459			
35.25529411764708	6	52.89265066414821	0.005177237536386906	2.161246621087582	0.8664500854429232	1.056151489196951e+16	1.979576383626214e+18	2.737024150855659	0.5360677912159465	2.241899425909303	-0.002022817902701757	1.884274502841655e+18	1.300957523036092e+16						
31.27677966101695	7	54.06307146122156	0.0064464209450144	0.678291439538121	0.8752456796850828	4380099002915327	7.654005252036081e+17	1.347582760971872	0.3285794683803936	0.7345012603541189	-0.009103524727575807	1.201636926537196e+18	1.013027105494591e+16						
28.81692307692308	8	65.74512222532213	0.002506581921630255	0.3445772066986875	0.8811168643181162	2189367763774354	6.784689252261247e+17	1.320626640962481	0.4824671871240209	0.4779825485810685	-0.003600540607494818	7.020506909114235e+17	2494684228615754						
11.47507936507937	11	72.67791844318398	0.002815634122317697	0.2565311847869186	0.8765475945455051	1726490956292916	5.251874649776439e+17	1.044154928824111	0.527852906561273	0.04398234064859485	-0.003103238943354403	1.669041173300237e+17	1293660023733288				0.207927290257471	0.8784097980598906	0.002850356292770544
14.87122807017544	11	49.21735347181663	0.002375961038443782	0.3084496047400269	0.8990183962142242	1708055963621972	5.347093984644609e+17	1.106712183580459	0.6185536247510511	0.1850842470801308	-0.005787288953912673	2.129842859462832e+17	1233092364881966						
17.46421052631579	5	59.45434315569252	0.002957605934270376	0.2274776340103924	0.8889018922938926	1085953214079019	2.951492446183644e+17	0.8051407605295129	0.5005341907744971	0.06456116922086283	0.001349080092996391	2.450174470922521e+17	1234333919994479	0.2682041611410269	0.8909383091770198	0.00322367933481004			
29.78	1	47.14611153238717	0.00206993655759188	0.3590020201919268	0.9088844025505459	1029693883215933	2.459389974224976e+17	0.905375482239842	0.5272769269850481	0.162352579283725	0.001378491053515507	1.309141761792509e+16	779048274603087.8						
68.19950495049504	21	36.37644387004202	0.001386329711453553	4.587246379448909	0.9054819023355266	1.076081876273709e+16	6.87366960585863e+18	5.89823906584435	0.5493490252785785	0.8237864741557761	0.006995273492205967	4.691525186546063e+18	1.423142775354766e+16				4.759853440474911	0.9071486209943863	0.001225722169528955
45.7475	12	32.44969151983317	0.001711426362387788	3.336654911180513	0.9028228972532102	1.462064163121077e+16	6.918258866691984e+18	5.627056337784065	0.36174863758984	1.546336669746045	-0.001895627470749783	9.077638635883394e+18	1.444808624446266e+16						
47.24999999999999	1	45.93491365370679	0.002237865944548544	0.1052626012626142	0.8410593719999033	1165505259992547	2.374517946134385e+17	0.4414723057261201	0.3726612015717068	0.1891557681541781	0.01633568965862031	2.513463572475461e+17	2496576502767774						
31.07587301587303	11	44.08000765537774	0.004839679881585613	0.4693150701335161	0.8817574126094443	5800325158016989	1.1590294377479e+18	0.9893522509435523	0.3507191535978997	0.6214945961779665	-0.0123683419396039	1.597721302796207e+18	9361096442479406				0.3952474313710219	0.8797498409187238	0.004641369259450256
27.10297297297297	6	72.08812129015909	0.003464171428266209	0.1911257509263646	0.863741615590084	1166988682200964	2.352754532128139e+17	0.4551139247516239	0.5735907569753309	0.1431723284463069	0.02648022347458534	1.168874575965431e+17	1568007584842247						
8.619999999999999	2	26.00865893976932	0.0005441234564030076	0.2485706441630308	0.9214280322751145	524323932573218	2.409963933828912e+17	0.9677200057186977	0.2783726375039536	0.0321856677049015	0.0009530902691302634	2.14559272481175e+16	349337305757546.7						
16.958	3	53.12932359933336	0.001882677742294817	0.1184458661829878	0.8430232048522496	1075697588508995	2.173684350669207e+17	0.5039311686432358	0.2934624826037079	0.04641821137389253	0.01121948593138888	-1.225635572018954e+17	1446805870070552						
22.75833333333334	4	39.56273159210241	0.003061981551372972	0.1362196834763113	0.8677228409702713	1477987864924236	2.855427911751965e+17	0.4917625376161989	0.4665957756421363	0.1369551832943972	0.007479203846313953	2.620051160824868e+17	2503574920558780				0.1404950013984698	0.8658787517881255	0.002522978908394468
13.61888888888889	7	47.99128789358639	0.003493556955543484	0.2196996674283568	0.8956644492757834	2025620186278995	5.609158095216588e+17	0.7768329740153088	0.4149911398189354	0.07055273526948863	-0.01022797671883313	5.673282722445629e+17	3755631139212419				0.2328463638836464	0.8954524275462477	0.003373487627432212
10.69545454545455	4	62.46404210110941	0.001978310295690887	0.2679864012558681	0.8808414610142367	1188944136706767	3.851868276755331e+17	0.6508520819593334	0.4939624291639774	-0.03750782505713693	-0.002113090418723429	1.967930791962477e+17	1119263584203224				0.2732682707883863	0.8807056386462191	0.001803169552937713
8.349999999999998	5	26.7358994113808	0.0008391613432674328	0.2373718415339401	0.8546528549352511	544606465702320.8	3.990027099480895e+17	0.7202949066766738	0.6207577201688743	0.03576052242422204	0.005036331554250872	1.52300333904868e+17	402749987670216.2						
16.89826086956521	4	27.40759499795211	0.002402389449176642	0.3013190391087094	0.8607550831499046	2243063528225315	9.267261247566175e+17	0.7091392563274558	0.5341826615734251	0.08129081308257535	-0.0030047188463731	6.604028045699639e+17	3450488549523746	0.2848001162659407	0.8590186225428464	0.00298405033985185	0.2886052492096108	0.8606171512750652	0.002357862842709854
7.323333333333337	8	42.06893274973859	0.001437616824529473	0.9435688561226784	0.9114134534620867	1780775479612202	9.524792791330328e+17	2.298308626723681	0.4564238905931253	0.4132607093096827	-0.007529453185751489	7.882196565654532e+17	1860807749503478						
13.40714285714286	1	20.21808804199564	0.001558323841395921	0.09407377069184006	0.8808779224000859	760756755438605.6	1.766988210911949e+17	0.5963922613595267	0.5342531113724659	0.03578601119959102	-0.006817028766872069	-1.012391993022505e+17	701807528052872.2						
10.95136363636364	2	21.05299907456782	0.0007962234519558056	0.2720208930426632	0.9076533431748752	479374785881660.1	2.236470595008007e+17	0.8526417280367146	0.4132379725595393	0.1341058331499572	0.00383708125397586	1.27729829641951e+17	628623912551044.5						
39.82	2	46.95457001492381	0.00183753512457961	0.05975027565784023	0.9200760521601196	596371221482521.2	9.871107931874902e+16	1.090446401474122	0.4755907352626552	-0.08633115133163687	-0.003406914505373337	2.600707334931526e+16	776638552131201.5						
8.280666666666665	4	24.2467225328946	0.001173114873162045	0.2608779503831565	0.8772637546129186	551215672557586.8	2.570552129956856e+17	0.8145993025190431	0.6347898230078723	0.09836717330960135	0.001296361623664755	9.461417378989955e+16	443154943720701.9						
13.59375	1	30.66551232499878	0.0009320137224695333	0.2766380859919951	0.88049001513403	568387762370789.4	3.810528210958575e+17	0.8009765488140043	0.4318856359763875	0.2181046830623815	0.008142001078765615	1.919300596048552e+17	480245474489447						
11.44604166666666	33	58.12649698498635	0.002913780301694532	0.3902008822293052	0.8661291674897696	3281402249693151	1.107381370058199e+18	1.030543665619836	0.5150409156527261	0.5285942075480172	0.006914773523725493	7.198405467321536e+17	4001602546744182				0.4218035483357926	0.8676382956416443	0.002792372890653262
21.915625	9	41.3344758938307	0.002623867994203182	0.6422687140526157	0.8787178899790019	3244226635274168	1.072893277485372e+18	1.511255499386272	0.566841396364532	0.06796954462191029	0.01628063219096598	3.407566423655013e+17	1997285878426492				0.5534209121264291	0.8803511612343677	0.002513199552599521
6.231842105263159	13	40.79182583462286	0.001639085671763137	0.2614915839569619	0.8728955371764602	1341283027584271	4.285537260039077e+17	0.7940284243937856	0.774204866598323	0.1713320336248839	0.005386019950922249	1.312360995799176e+17	972046602213699.8				0.2101471407649131	0.868308961302837	0.00147650476663701
9.60310344827586	2	60.77439358556007	0.00213058976477947	0.3797556416665105	0.874155482722329	1144896493536689	4.33109858980904e+17	0.9637954447705069	0.4467321761176875	0.3126831032893717	0.006419644970922955	2.046828986164838e+17	1449699212842731						
12.49043956043956	11	42.72908521085661	0.001786447188508649	0.8618135219829511	0.916308453388763	1902898405658557	9.639095995927977e+17	1.630713340221413	0.6142362428095464	0.08213108159026927	-0.01505711762335937	4.888443146650067e+17	1899669792060938						
11.13774647887324	11	29.83950479428208	0.0003593427194074997	2.478027921587634	0.907173720775484	1327141078086711	2.037174695039313e+18	4.352921052380129	0.6821695417838181	1.314646320295507	-0.004005641160848894	4.057779280789266e+17	1399669413118028				2.376058038386299	0.9088771192963608	0.0003011092852147613
25.01076923076923	1	55.34001124958142	0.005194937962522072	0.2370434550720097	0.8717973149568738	1764494855510725	2.203021290252027e+17	0.6974633426837099	0.2921359840122997	0.176276973853521	-0.00687622834764956	3.859005348627456e+17	3031356829018600						
7.115833333333332	6	32.16220393749558	0.002238181015306425	0.2480568308116499	0.8970446416388065	1343887632643776	4.691173624561147e+17	1.196125284359864	0.6149703156962599	0.1156779720145286	0.001329417224872897	1.901150873835143e+17	813605132490098.8						
17.69451957295373	25	23.57053958331666	0.001122326594711703	4.831327993047214	0.9144999061731428	7888244208592990	5.795114302485716e+18	5.924583179800337	0.4963148762165595	0.6283745393525875	-0.003018226688759063	4.199789159847735e+18	1.243047607071046e+16						
9.967560975609752	4	10.2614860911362	0.002019340109420278	0.3878053752060771	0.8947837457142046	1557662886794014	5.985700911793196e+17	1.073187876338339	0.4958277092437492	-0.03543586105126206	0.004627640573503289	6.904763994156812e+17	1904300161002328						
12.29551724137931	5	25.48782975520902	0.001820988297728628	0.2000625067859871	0.8677349445968567	670612532066007.8	2.699108254361101e+17	0.551764641086362	0.4192910114116362	0.08751628134061804	0.005385135535960539	2.448636777596535e+17	950529229132229.6						
53.06805555555552	7	54.2908883577727	0.003392780443606858	0.3317951804572232	0.8267092548285778	2899087154595155	7.193576194492649e+17	0.567625574721343	0.2608363397141903	0.4713899104693997	-0.0004717137698744267	1.290417837541769e+18	5720107040367740						
21.5102	6	19.57262199370565	0.003265775599900026	0.3056799316535402	0.9071426442997086	3898139051436358	1.046230852151057e+18	1.125553334176316	0.6361664379399183	0.05786826025102637	-0.004047512826954369	5.451565289316116e+17	3986275416407934						
12.34	7	40.29217461247512	0.002303530180276507	0.1722044996294837	0.9029614221252203	747225418175698.6	1.974162097289158e+17	0.7894689774314669	0.6903538440511258	0.3137151592288887	0.0139793083862525	8.718645333403853e+16	842928393241679.4						
10.9378947368421	3	44.91646285622645	0.001383995411803322	0.4900862110613975	0.908819871032108	1458611910264306	5.188755360684194e+17	1.078069978646652	0.6128505710591448	0.2470094082449611	-0.003822458425779662	-2.566180514370112e+16	376057321497788.8				0.3723206329889382	0.9101908235786651	0.001132829183097278
17.47444444444444	2	65.51335592436479	0.004342202430662967	0.1799972666530896	0.869586264974301	812573522044815.4	9.440429026212837e+16	0.6607878204890845	0.4667544034481327	-0.05540406167966738	-0.001686178724601084	4.71112412570189e+16	622340902153348.5						
24.30627906976745	9	38.91584898285864	0.003294235741102648	0.136509451241053	0.8769261828549407	1576197292962314	4.340070834191458e+17	0.5158095369878009	0.5469971733458852	0.03922137229252812	0.003495972861883745	1.966985889020536e+17	2832684283793505				0.1408370069787436	0.8769655186167392	0.002582074200060223
9.633636363636363	3	24.55951323837835	0.001740135679737437	0.3420423975482833	0.8996213962481766	571435837818133	3.131711189915755e+17	0.8064466842191772	0.6228405469253214	0.08687183930175668	0.003297076092874884	1.218831947413963e+17	804341977689136.8						
24.87633333333333	2	34.54277452066331	0.004226807925988508	0.4506963589123618	0.8956632722431827	2966911893998915	7.141559009562913e+17	1.047899606680763	0.3903119581809552	0.009831917231579002	-0.002027003168183494	9.743495373284063e+17	5733282072532416						
7.935952380952384	4	25.47270791706177	0.001079438788983725	0.4266257201789477	0.8907749986985035	1078858520279428	7.738931039917306e+17	0.9660706898259764	0.5650597860842846	0.2110058557886073	0.008647601562510654	1.424736003682874e+17	1411650518288936						
7.005384615384616	5	29.01164730253864	0.0002252869780980115	0.9256825896017228	0.9190886688204749	967816468742918.6	1.8593498497814e+18	2.472987430927382	0.4823956192269114	-0.008413694172442865	0.003261190043973516	1.818174446575782e+18	1241440663893156						
23.22098360655738	8	52.90841943532137	0.004716935655002585	0.4376695138711997	0.8630211230426024	3996708174069818	6.912014146419316e+17	0.8810962019730965	0.5058906661216931	0.2446712918026924	-0.009975940061188182	3.491486238792097e+17	3568933240158914				0.3365537266023673	0.8660316075783339	0.004455117438885011
60.6325	8	30.59607010854999	0.004169866800451164	0.4869745136854899	0.8656779053775778	2.069083885760477e+16	3.817066010482456e+18	0.9852971719488086	0.2784295470173155	0.1284342397567335	-0.003771129569974607	5.491510836995293e+18	4.521658724690243e+16						
32.30833333333333	4	36.16164412562565	0.002835950978964753	0.3188122067416835	0.8754508029353786	1718855504909518	5.113239037970653e+17	0.8704339798092362	0.4697722313188197	-0.0008441645435602885	-0.01159022423079725	4.300803014865092e+17	1889836251689935	0.1957538840108531	0.8730691758764552	0.003056335902975136			
20.4365	11	35.037640513349	0.003548211873638587	1.570440800979007	0.8776810735117921	7031118040590473	1.780754825128791e+18	2.194077943648181	0.3204507791929334	0.8654443675623837	-0.009312000222657546	3.452853920216661e+18	1.340900638706967e+16						
27.6132558139535	8	63.86045328685335	0.006052788120674685	0.7487141761832716	0.8799035420072709	8167500664828210	1.220522662857005e+18	1.43765798812415	0.4886689925323373	0.7749177129594913	-0.003033737679596471	8.72373439378626e+17	1.608923951262481e+16						
17.87547297297298	17	64.96563992964508	0.003275519707891889	0.4398225012841119	0.8320880729131205	6402017850856862	1.665976012320442e+18	0.9895095532917655	0.505584729811655	0.2888670724944085	0.002244685504552812	7.699962262015621e+17	7896135792884586						
34.33944444444445	10	60.2255936957548	0.002893510471450311	0.4178917281970042	0.8431080632302238	3405502343744568	8.414428911752449e+17	0.7627251171527071	0.4332858014727053	0.1759905780885228	-0.008454966609330872	6.652693244385917e+17	3351600718382890						
16.64226415094341	9	54.23862215096098	0.001726114123797041	0.3847634372286598	0.8298888904382034	2786585008824988	1.604882377840887e+18	0.7444196606940702	0.2557593692181227	0.5073908439777683	0.004910318790289692	3.710694599706967e+18	8643801038535879						
11.63691666666667	16	76.85223236824642	0.001833374000837274	0.4785280661277151	0.856251299146772	2864195343235177	1.26258730909768e+18	1.345961440642957	0.6906332253840177	0.2859067249781452	-0.002401707344558024	1.394298315985357e+17	2002511794545715				0.4894189262192048	0.8540120857355031	0.001778640688202992
8.880588235294116	6	52.1371068954918	0.001082939249781794	0.4916808621018604	0.8723460134282144	1166300408265137	7.802713130093952e+17	1.113085958941505	0.6444615528455052	0.3871387224952598	0.01609593787921593	1.308559043084232e+17	1192510322567754				0.4807426177533612	0.8753125230623663	0.000999735995369938
15.62571428571428	5	80.8589065198157	0.002846386646347962	0.3076264965378981	0.9005242756412468	1687588060569971	5.328315935053505e+17	1.130733214077379	0.5489315893343349	0.09138510088491197	-0.001261510135757704	3.119107757217388e+17	2064393519059596				0.2499184095073035	0.8985243703383317	0.002792969794061195
7.569677419354839	5	58.77987892429	0.002845883351959448	0.1762916864417432	0.8391327744459384	1163810380785714	3.67006864464537e+17	0.7456274222660652	0.8633986946355326	0.1719124096878049	0.004114613051261262	-1.092117910322842e+16	1297358381983656						
15.33350961538462	13	74.1136389436266	0.002794803232603642	1.543643073343447	0.8737177649281443	4973686600864070	1.707047975888495e+18	2.41168123774148	0.4519360937524147	2.27595325851301	0.005239963612504339	1.510290954376939e+18	6573950662166673						
24.0557894736842	8	60.11578812271937	0.002742307783054608	0.4634761056046489	0.8697818997176682	2890029474754464	8.268639249275967e+17	1.157331111454261	0.7052921729671493	0.2206475776023407	-0.004496904867874352	-1.679928289884928e+16	3650497919897975				0.3291643457726551	0.8645496388769103	0.002598832457806241
23.81788461538462	8	61.7987898093305	0.001765095624236121	0.6691783887656738	0.8808990041814539	2407134667651478	1.382041840374982e+18	1.322352822463366	0.3834805595363652	1.216605498535389	-0.0006607874409171322	2.01312868937951e+18	4463688432629853	1.148451280837288	0.8791536450477464	0.001856435484138582			
15.48176470588235	3	46.58821950539878	0.002527096850050865	0.3723402444331544	0.8877104117344435	2105798660780046	6.881920126877115e+17	1.024897630699934	0.5880661802814436	-0.1579392325341415	-0.004220843087001658	2.341198433971677e+17	2337514312065544						
26.12933333333333	2	73.06446446136746	0.006209984495427651	0.2548622828100772	0.852621344016178	2136165428674693	3.233797221777608e+17	0.6707433171440692	0.3806352148991309	0.1331954316322894	0.001176823916606451	4.730736350643016e+17	4253403637689673				0.2217155434416747	0.8522667458219145	0.0061499375389819
16.02375	6	70.45082564624494	0.002369800941991844	0.3595172444448734	0.8759774882569656	2002592985960020	7.735124389162175e+17	1.095867328508146	0.5972324961564912	0.2150029523476965	-0.005077467652912393	2.56070755552591e+17	1710847866862793						
15.13719626168223	30	32.68064295276986	0.002011092772585397	3.000051127551839	0.8894853781323171	1.312345099989862e+16	6.7475306555446e+18	4.341739418293697	0.6303451159556701	0.4472915221772555	-0.008290628785297849	1.98121141146907e+18	9529315329352734						
15.27316279069767	25	44.90494896616582	0.0006092216260938612	2.97603637533734	0.8948842274422577	3060059594536145	4.768235394890446e+18	4.267053891073898	0.6877666067914168	-0.8156353515959647	-0.03515170235237741	3.469289882717819e+17	2949058463426108				3.340683244570962	0.8957692729673845	0.0005989010888462494
17.43805555555556	7	26.51957906107059	0.001654169868362732	0.3259018309149107	0.9087877028429957	1138506913480161	5.175406045144739e+17	1.038567458117615	0.5771052232244145	0.132151932639463	-0.001538584324893399	2.12063899893901e+17	1207624011129313						
15.75263157894736	7	48.31150303378834	0.002143277373726171	0.4322938978005672	0.8864679594551892	1487752393708458	4.89489305702975e+17	0.8777643636487739	0.4832614083322816	0.04683574843302785	-0.006378364312746965	2.078887644434298e+17	1625700246870354				0.3429843490495438	0.8890768481747489	0.00225681566388312
17.53384615384616	3	25.40157351725264	0.001510751358133485	0.2989353631043329	0.896371275527297	1096536282830954	6.369272099790744e+17	0.8180230572403148	0.441345045677538	-0.03637562665143412	-0.00776541482356119	4.732774265053836e+17	1845362986890818						
15.04666666666667	2	67.21646764507476	0.003402915946842031	0.2323667870239653	0.8824751025346846	1436972563508458	3.266716015893509e+17	0.7691001052508066	0.3872378558172233	0.2010493678921989	0.005560200194758558	4.08017542645942e+17	2176301550482246				0.08884405592094548	0.8825029364686564	0.00319903238671651
16.22	3	65.94378277330316	0.006400376826902107	0.08272812941625109	0.8485421112020619	1015650165460704	1.14038115690579e+17	0.4194867976661624	0.4638764143606112	-0.02379183810293892	-0.01542761072244203	1.12027737279668e+17	1075887207630402						
22.46545454545455	15	55.96410321195886	0.001325358005054592	2.880668108988381	0.8912618439398735	4470968580983160	3.287593501420297e+18	5.020973759366846	0.5357673745265179	0.6424737772344167	-0.0005122297104640516	1.984324928102211e+18	5955530590914452	2.933664031724993	0.8922626367094705	0.001599610045566927	3.188956797054015	0.8925355654503777	0.001278927435910541
24.29839506172839	12	43.04112911745878	0.002380388140888354	1.045326025402939	0.8843909267286675	3069150832781500	1.311408508896678e+18	1.600470657819858	0.5347564091511353	0.4775410207689085	-0.008038951591032073	8.927272705485224e+17	3969740258390206						
32.45885714285715	9	53.83201234356517	0.003710678563264852	0.5750209773841314	0.8818088523163421	3912663316717016	1.020243079985839e+18	1.072501534651499	0.3693105104764658	1.002400570698129	0.001634705596088692	1.631275037186314e+18	7079402735569278				0.4929067134569659	0.880278328409082	0.003603637070149891
13.65731092436976	18	51.54608279278994	0.003195272777323704	0.3046757943071635	0.8752521722880828	1993686755447971	5.745756064599197e+17	0.6531496340209242	0.2632750042080994	0.206232087913419	0.006541749436949074	1.133955344689325e+18	4587754574923550						
18.2005	19	55.30758334806116	0.006389687511888932	0.4103724018070698	0.9029281634382866	5626944818530957	9.103797786295041e+17	1.142007269889629	0.3798284137769308	0.4603580695875065	-0.004956669099622113	1.040681436052683e+18	1.292942290267202e+16						
22.39583333333334	9	30.50801887370468	0.0006250218892287541	2.425552630669011	0.924945013232278	1666038763690549	2.051450197015296e+18	5.434910399686031	0.49485026954014	0.1076814388856819	0.002907267856789519	1.657962531382791e+18	2440028131259407						
22.02190476190477	8	56.44506242290682	0.003397781561218539	0.2964107154811281	0.8803487316492515	1883192277068829	5.209330954981313e+17	0.7897923518737954	0.3851541656012833	0.1910711693190756	0.0019970675057287	7.472121749473524e+17	3935372774123870						
19.36977777777777	8	40.16907248012998	0.003104844838737721	0.4005848063713469	0.8796358541027077	2957464688346967	9.012696769532718e+17	0.9602679563085701	0.4558443194920366	0.3855473889412812	-0.004018909743633836	1.01259209122186e+18	4425232600733397				0.324687816141645	0.8819711705122689	0.0029167476442209
21.95052631578947	5	44.03677009017652	0.0009796221763265552	2.131678973226948	0.9078979031521961	2201602375014800	1.676253483290826e+18	4.221734663554212	0.4835072416991795	0.8686011791557369	0.01650067591837301	1.38601874328102e+18	3125642692234647						
18.96228571428572	9	54.45194841489937	0.004576571023458024	0.6249399512254591	0.9006987946351293	4703623082943563	1.066952267882208e+18	1.288109670013842	0.4322301284128414	0.5494200602935491	-0.006026576200191536	1.125491333120488e+18	9021814567406060	0.7490031096213756	0.8963312182479177	0.005359550156872076	0.5659568251343261	0.9038557045830453	0.004086512663509309
17.27903225806452	5	22.23686342261739	0.001068183103931868	1.496902914587619	0.9358328838462938	1874830782848675	1.432035437798873e+18	2.709375256130888	0.4578545180032023	1.042496407589169	0.0003414626854412184	9.986401782439347e+17	3754510396935954	1.710104435077989	0.935851348780377	0.001574581216681828			
9.596400000000001	4	52.21127448853466	0.003702177410253913	0.5510269143623387	0.8784461695663403	2963247069203008	7.961628872855651e+17	1.023124297762747	0.3130474243876077	0.3797063989063008	8.687914428617827e-05	1.306007907183978e+18	6843861381830546						
19.884	4	35.10564860767852	0.001194149377591067	0.743372601988412	0.9117543309141654	1476645401791608	8.862253474227631e+17	1.922185008793597	0.4842228483155598	0.4228163035183775	-0.003959083787318685	8.158531025595469e+16	2422866116901366						
15.59833333333333	7	23.53514141118588	0.00230224609464401	0.4087269314085322	0.8744809673194561	1345321593477438	4.616481234791339e+17	0.9598076470933717	0.5000045296206557	0.04530624230027602	-0.003119254174085428	2.538423053160664e+17	1504432300294798						
8.854666666666668	3	57.54848677156208	0.002921561354554143	0.1131237152397105	0.8889398491640429	957968557599937.1	1.82944233529812e+17	0.7337778490680806	0.5167722579858403	0.05516628745696178	0.001007977784675429	1.278305138888373e+17	1353643870090037						
11.458	3	58.87410763274009	0.003381172684291365	0.2111703827358423	0.8831967582936551	1021517789870934	1.95399065789434e+17	0.7600927113567062	0.3315711657083407	0.1368471237431464	0.006646907669229707	2.60939516879282e+17	1016294217041623						
21.57901639344263	5	56.41977173581407	0.004187897219548164	0.326860417673845	0.862665670752314	2074814196675384	4.697353876775484e+17	0.7968832653693154	0.3845227138318786	0.3624535334308112	0.01350821160461391	5.635249416013885e+17	3211834292778575				0.3166243553162987	0.8631170369275279	0.003653878855686017
29.69941176470588	16	64.26595156062332	0.004119484756722421	0.642198117189542	0.8736269364899666	8819790733540318	1.898191978463609e+18	1.225374621558014	0.5596783356401076	0.400877524310121	0.0009480453465656735	4.978608738682115e+17	6405579204599475						
47.33000000000001	2	46.81774014215831	0.00359530136635254	0.2967326547186119	0.8722160561066801	1663285462197308	2.907915812001636e+17	0.9038525369407751	0.5235356710315774	0.05530774387508497	-0.0001876697254519222	-5.442207792258365e+16	3205825540522864				0.2935092981462212	0.8696706378730352	0.003291677371659479
19.12192982456141	3	26.47466203827984	0.002623067665202823	0.4126586786121097	0.9069577442282376	2297991116579237	7.609778667304616e+17	1.343372737587996	0.4273569229166964	0.0758432004720318	-0.0004658868866925792	7.925757843041476e+17	3669136444885150				0.4261114451253381	0.9068722842321645	0.002289956291834676
40.78320000000001	4	62.31292978640572	0.004133374440882437	0.4850252918276701	0.8660528303759155	3360577144996994	7.721369980294803e+17	0.9980602620559421	0.41286915247909	0.193941053656568	-0.01304138088051354	9.893717131324698e+17	6645133254222705				0.4967159908920538	0.8708122467545936	0.003501858592886667
13.17352112676057	11	50.83839721966464	0.003182249790161876	0.6235620305969827	0.8837861930320194	5019621534763442	1.339125337275147e+18	1.133066542665951	0.582006330418492	0.1819450539726648	-0.003681524041431627	3.008950326367488e+17	4412085642013998				0.5874216401736105	0.8849348370727967	0.003115896346699716
13.65037735849057	4	46.00482831415765	0.002095305785140295	0.2693629244389308	0.9130583065476889	2143798696036094	9.448747140339579e+17	1.252184408392109	0.5175759642925797	-0.1100693631760531	0.000920140169630268	5.990001107183937e+17	4920038431280850				0.3371703013938658	0.9138776953846711	0.001856217080352656
30.181	4	39.16326427536292	0.001666771708032255	0.4925149797750777	0.9086414619776818	1770933595496054	4.919395018114735e+17	1.743081551905028	0.5250081829932134	0.4340538818574278	-0.007027498066856874	1.737132609021671e+17	3831052209730498						
16.06	4	57.2586099291456	0.003449079890598183	0.1927311689151902	0.8668877183455195	2053862766227976	4.210679964784017e+17	0.5978514121052355	0.613729680316863	0.05151780599256667	-0.001794718261903916	1.4693846113533e+17	2103731757246895				0.175761036984982	0.8646246694655995	0.003092040479003727
12.72611111111111	4	48.05457025273803	0.001796266621651019	0.170409416821969	0.8645247276331804	1213980134310291	3.777995656083425e+17	0.488580861200289	0.6149720274672028	0.06112064589263641	0.005421591124891489	1.392222686821151e+17	820875986788441.4				0.146641786669147	0.8591810754145843	0.001751366474055364
16.025	2	30.89708203767612	0.001053452665742084	0.4497822268473369	0.9158079921156476	2634322449223146	8.757843954344279e+17	2.841700192687004	0.2797695054263892	-0.1990876485206443	-0.0008481574108581968	1.411813263432412e+17	4709496347609657						
8.788	2	35.09986169333025	0.0007358752609076594	0.2476245320788053	0.8824105986622313	500628443699920.9	3.350154052289977e+17	0.8507341318811822	0.6842537617398445	0.02008851871876458	0.0001063518852284506	2.716493728337747e+16	314771549362021.9						
13.68454545454545	9	25.51419192106858	0.003710276874031846	0.3095305703748711	0.8997548281329889	1939437335699138	4.068081447927313e+17	0.9945726976442515	0.3538039834659645	0.252779024898875	0.006810036841947253	5.66611730771386e+17	2892710887407964	0.3600912600621908	0.9014079598323959	0.004090338672949247			
55.179375	2	73.05885891192992	0.01230689370314439	0.1862844860469241	0.8783406942223233	2353328653044945	1.342035711392063e+17	0.8011427004178435	0.2647087514421099	0.04102470692009333	-0.02013958698565532	2.163491744086293e+17	4347298828935933						
8.451764705882354	2	54.33956363110771	0.002399036291586821	0.1669050438636222	0.8967948401499829	717978605359613	8.570666412525371e+16	0.7974020683737014	0.4230082727532753	0.05565168810851945	0.007401008486714655	9.541356122364642e+16	621170668456635.8						
19.93731707317073	11	44.57469760526386	0.001155969904807956	0.8717829512341759	0.907431839966631	2083369884172386	1.398317618188721e+18	1.81712073105955	0.4847386815821716	0.4958349279465558	-0.004202685438898457	8.206531817827907e+17	2841132968791204				0.8445945206694507	0.9077750223789459	0.001100097905292433
34.64625	2	47.79412307041433	0.001057266144787723	0.00685232323474685	0.8814451666835763	748596097098139.9	1.038191677129524e+17	0.5801340965389168	0.4398588297951865	-0.06632976750276848	-0.004662596158558796	-2.684488947268499e+16	513042725102328.2						
9.872173913043479	3	35.75661002162963	0.001071533290027055	0.131406455932992	0.9226504770543247	752781750849688.2	3.583019086666902e+17	1.15026195540388	0.4112695732315372	0.006585814917340532	-0.000449109014353799	4.257514060502804e+17	753957430401060				0.1493813176701671	0.9225409137790486	0.0007917980357104686
12.3087012987013	11	24.6965195699082	0.003545864311036877	0.5858648501485748	0.8991554423835795	4407217866081034	1.168575563208921e+18	1.186917950302966	0.4774608472217743	0.4709944671277384	0.003854479068605476	9.522331306980804e+17	7606727874928816						
36.58083333333333	4	59.66453414783854	0.007909167859394623	0.4201796474435347	0.8789332951432023	3523348282414371	5.01773603702436e+17	0.7651475206525503	0.3112900757159897	0.4027021389678986	-0.001514370901568363	9.373138660334991e+17	9837012269779608	0.4161488211082962	0.8807855827896947	0.00866718669439444	0.3646422344537839	0.872499884446671	0.007413600267172421
11.12272727272727	5	60.31001526972444	0.00465120578470723	0.1092479787138972	0.9217783679359852	971135427959720.9	1.226674677497336e+17	0.9710102739192987	0.4439532851399716	0.0262561926790536	0.00187535925438187	6.803708146524731e+16	693765747237868.1						
19.15090909090909	3	17.09402503295249	0.001252488969528859	0.1649907855277874	0.8896122584404611	647451652229781.8	2.792174858360227e+17	0.731132291161033	0.2303794915781909	0.02274628519253177	0.00913421129084635	2.586422482592145e+17	913188798341704.5						
12.636	2	49.75875741073638	0.003428597613891494	0.1203122673194062	0.8846484564307466	868351224734789.5	1.390582158871505e+17	0.6353287616668662	0.4371918770192486	0.02541138077284838	0.007395897052229539	1.465425007667598e+17	927382846328942.5						
49.26391304347824	6	31.73776803745541	0.003828858642224347	0.2610555490145055	0.8689071949098777	1683358333106834	2.858227434371014e+17	0.7066874501596005	0.2781012833714017	0.1374816281469148	-0.001245686623101205	2.92064914430844e+17	3441688989858236	0.1946911728621013	0.8663284877549553	0.004410143738970545			
63.93142857142858	3	65.03156019959616	0.006053634646748676	0.2600099016094659	0.8827495473214992	2944700176506874	4.280890947616262e+17	0.7486762939978613	0.4830900105481154	0.2861141535668118	0.001138298416956451	2.080262367072616e+17	4814720985868612				0.2225529121710073	0.8750777932740089	0.005461035431412649
9.13214285714286	2	18.98656377120115	0.001619496977928539	0.3009095211735393	0.9094484844960797	918048981743605.2	4.432726702262584e+17	1.016170815471125	0.3796867957648339	0.159771666960176	0.004154047885366885	4.941891369995236e+17	1180821131652608						
9.566666666666666	2	65.08138612661587	0.001237034074105666	0.05828009931005468	0.8556008732937873	689363182512388.6	2.54591277922268e+17	0.3676774999349664	0.3032124985120002	0.02331938268237768	-0.001242622479209476	-1.036228705660162e+17	588391628487600.9						
8.681999999999999	2	63.60933874713807	0.001142855571156039	0.05779224446253716	0.8602608718401386	507999378296021.8	1.051434049524107e+17	0.4106632895397097	0.4258864682143343	0.01632874806980228	0.003832687044004635	5.105451736265816e+16	266147557881811.8						
21.78914285714286	9	66.15524004170116	0.004002310871333986	0.3613572300342781	0.9063448756325366	2247171176449779	5.341159665311385e+17	1.042087498371186	0.3840628775918233	0.3009650723634394	-0.003143353410870242	6.624311016035222e+17	3840401495429744						
18.56115384615385	6	65.10389543765839	0.002789248265027277	0.2617480143583834	0.8875093080896458	1781795475762479	5.247175347602351e+17	0.8332175469259837	0.6713123610270975	0.002144081901426453	-0.006286939832137239	1.409306179446187e+17	1046303766900398						
8.959677419354835	4	45.3956341036541	0.003541595619233182	0.1463091169273107	0.9028904222811861	1034094546379355	1.901417156435392e+17	0.9524324495276353	0.5687169238028502	0.08443359707238249	-3.900814770407823e-05	2.865890796990509e+16	1008051100235485						
10.9692	4	33.41519192878065	0.002558696512834981	0.1516590284557266	0.872226351665274	1019409579374275	3.654301176444833e+17	0.5597845208329726	0.6675154076554647	0.0236521897086687	-0.0004626686522676282	1.62300305393517e+17	1594235734056690						
11.57434782608695	2	47.77485810122037	0.001761666359260767	0.1064858679753853	0.9049421773117772	761089881707547.5	2.571397656244467e+17	0.831284231886976	0.5104308360647111	0.07414045068477758	-0.006007589678722947	1.923852451208587e+17	972006209662387.1						
17.50714285714286	2	68.76913673069369	0.002835497863430905	0.2229090327327381	0.9040426365071241	1194817216526058	2.032489823556556e+17	1.039070303317579	0.408288254841206	0.1666124303356721	0.005918174598638304	2.117979376302389e+17	1130943640642647						
28.21175000000001	17	57.53744112008356	0.002825305537636962	1.93628700083372	0.8679607888823828	6912170194254572	2.401839533405833e+18	2.849654069008444	0.6541879548442995	1.197622677666829	0.001690895679792637	7.545274067787697e+17	7175824766223143				1.757234224246154	0.8696893195733156	0.002435717548795663
23.96282051282051	11	56.55674887056753	0.009615765695299965	0.3342809415759196	0.8965519265488378	5464200227961116	5.465610616243404e+17	1.239390220167421	0.4304497397541941	0.5028494953791138	-0.01119198484331585	5.386811787889095e+17	1.287150114588294e+16						
33.81125	2	52.29432660780159	0.004765020938958841	0.3334619130985325	0.9035099392806758	2679062402292324	5.342531966677118e+17	1.186688707254532	0.4631263302653196	0.1067142750322603	-0.003464721892404321	5.374056083110121e+17	4436708957419716				0.3337773706655319	0.9032367156424387	0.004521983535253408
29.76181818181818	4	55.24615732786398	0.004104191572069458	0.2803689446354299	0.9091145448501577	1876602552792371	4.138855472557224e+17	1.203563593934569	0.4600142658087555	0.251809552731197	0.000933585872329612	3.885316883147783e+17	2902021111120618						
14.82	4	58.48160526123299	0.003546028508308039	0.1960596017642516	0.9065734054420688	1822659129795704	3.89360897068277e+17	1.042954762103222	0.4709236229991117	0.1407350662181793	0.002773926014693617	2.692328691968193e+17	2434050251574128						
11.5015	1	38.88472445968477	0.004890182621387867	0.2532513866719441	0.9084849484565235	2332771348592342	4.430297335833174e+17	0.9689509916166937	0.4763234094474099	0.1216436649465907	0.003010703383601543	3.538727198120144e+17	4317047814254327						
13.15866666666667	4	52.54359743382154	0.004948881017677671	0.1724854420654802	0.8946417437460922	1467520853583469	2.560087059856494e+17	0.997586789112699	0.3037965001037329	0.1552724353452933	0.007262486042877603	3.941042061231782e+17	2596509659988005						
4.88375	1	24.02393199380352	0.001239015923090619	0.1554353121299587	0.8811933693555869	406879594574857.1	4.640385496639482e+16	0.6922949593150725	0.3606899715335828	0.1106590135995255	0.01853661168408971	-2.245545745730012e+16	366281470139790.4						
10.73602150537634	18	42.26862048358355	0.00310688464983077	0.6203558625179353	0.9005067373999048	2241520658652574	7.019197337821903e+17	1.12838215440879	0.4905846917279911	0.7271650542593857	-0.006369284091439553	7.555399819792847e+17	3615181123510790				0.6094398671861982	0.9000558013612986	0.002837526969721163
19.19642857142856	9	58.85987252785618	0.005710299350049347	0.3639139390947886	0.9079911401112584	6183142412392651	9.51297612153972e+17	1.205045510310835	0.3512559878340387	0.3202879123027907	-0.004955729205992521	1.45740948524558e+18	1.146858958732556e+16						
12.2959649122807	9	43.85707523652045	0.002496049002589029	0.5967221994228907	0.900887160833531	2718023645158952	9.103814045119543e+17	1.184989822392648	0.3921162396536439	0.3843067675328876	-0.008043227761108773	5.971213297160093e+17	3776313963540256				0.5275458695997516	0.8988706400507465	0.002473158736408243
14.383	5	55.81792940870738	0.004769464784635975	0.4461617972788059	0.9013264649889938	3200099603841508	6.828061124106783e+17	1.163513846182648	0.3718534974709714	0.8472703762150332	-0.01379379609591791	1.131367172080861e+18	7543591633770812	0.4970470864147767	0.9001595571082076	0.005066088645301794			
64.07124999999999	2	41.82875808485842	0.002561211263171343	0.3800998475194324	0.8924241167795495	2110305591795568	7.174555459694468e+17	1.122708863263488	0.4113324849454651	0.1510803746852728	-0.01403629587919719	5.837891345519789e+17	4739297430343667						
21.86772727272727	4	41.3880650514711	0.002744127952600506	0.4548955647085263	0.8856684222332721	2042948882256178	6.963475614352164e+17	1.022933658314529	0.343168826385554	0.567677959723201	-0.003876235420509633	1.073518114422704e+18	3584328185189148						
17.22	3	58.02308078285381	0.003200280202577327	0.2352635576997014	0.9120918287947795	1742713310832410	4.390511859346502e+17	0.9736320656423735	0.5312852098086696	0.1659207232651687	0.003390656155759841	2.819588315979446e+17	1816123732003327						
7.595	2	47.82273540708027	0.002665073897790634	0.2536170701557497	0.9019524989126436	671678176761760.1	1.162929152899159e+17	1.07183543301449	0.5215866156505462	0.02014312574843813	0.000362245753918633	-3797978076519056	317532074148838						
11.18702702702703	2	73.05063079407523	0.004247176296866592	0.1755603662747294	0.8632207716060981	3034935925781697	4.370669182570527e+17	0.6480910532517629	0.6582263425460105	0.03647568616321009	-0.003512594125054003	1.031508714088698e+17	1193980507572797						
12.48428571428571	2	41.96810244727408	0.003381656354845675	0.1984254248136391	0.8890351014445325	1155448705631125	2.432751392431439e+17	0.7010509802222163	0.4279563341401214	0.1935583517603009	-0.002549062428072069	2.500827093695323e+17	1879425003545950						
5	1	51.19200961710511	0.002827967454704753	0.00544886529499767	0.863234285541185	572856448291243	7.420548284853691e+16	0.4732322927875869	0.3806872654271097	-0.007955697418972753	0.004527148184885532	2.647246760383962e+16	302504807622744.8						
48.82753694581282	29	68.62488884505315	0.0006580325805123734	3.402023543395612	0.8342171866309011	8786115249259221	1.096463874752244e+19	4.663817039073185	0.5791288159301363	-0.07114418966352565	-0.004611248705228554	-1.463402383187958e+18	6302245130967749				3.35241774912006	0.8321709940574371	0.0005858955707042536
16.61074074074074	4	49.7505988890661	0.004555969785976034	0.2836655269661523	0.8896031755227193	1857054804436983	3.677649238523398e+17	0.6820598802623766	0.300461070806442	0.05492634635536481	-0.005406181361681139	4.945912708910819e+17	4278482716087181						
12.72	2	54.73409895151366	0.004221539169417032	0.2063060869020075	0.8774025785743591	1344067897254174	2.404503790389406e+17	0.614611425246001	0.5131339239757184	0.04537287407182997	-0.01158555628768598	1.200161915882858e+17	2214030530400996						
39.43356382978727	7	59.26525135613971	0.0007232009845887858	2.02958349165913	0.8848614300307226	3160965840407722	4.134402932090714e+18	3.373149793396599	0.5587064023203643	0.7325135492017214	0.0009789526805191739	2.789252950700877e+18	4395156613622784				2.138480880372045	0.8859301227266178	0.0007169166889636511
31.73707692307693	17	47.01021647000626	0.002222211590061065	3.18800239044334	0.8859909289312591	9810419245380852	3.416546779014602e+18	4.011466736151381	0.4281892088491288	1.12775845716825	0.0178547389541267	6.967709915863608e+17	8872494748929865						
137.743	3	47.16683279330443	0.002564501095512501	0.3184789066656684	0.8505661806828956	3603992667945232	1.013446981730825e+18	0.9874484633119039	0.384750223415664	0.1509638710709107	-0.002570950917347825	8.014448181762455e+17	4870396193855660						
20.825	10	55.15746404952696	0.006144403346242925	0.2009139430730035	0.8605139530166703	2554345922596203	3.38636162141201e+17	0.5263265251225618	0.4119787849888185	0.1373337396863261	0.004153772316008664	4.749055149557196e+17	3197634385884906						
26.24170731707317	4	34.15600498473281	0.002651580324430012	1.21702166793466	0.8747284969126277	6159672180813949	1.819930404863269e+18	1.913310988781382	0.4681365766518309	0.9386127674096334	0.001051244921503436	1.261839123934931e+18	6255422849157834						
24.72371428571429	12	60.77291283447114	0.003213563249521025	0.4354596500123004	0.8663886587012171	3803862991189762	1.174629869479825e+18	0.9208042591913906	0.5135436747867106	0.1807512751710534	-0.01175250461514399	7.560179368099196e+17	5964362129712764				0.3782116912616916	0.8649960485598015	0.002746333482533502
12.78051282051282	6	37.25922744841132	0.002119217819690784	0.09758587803286566	0.8902376466549281	988682211225483.5	2.209753111305069e+17	0.5541985217416803	0.6161603019879642	0.06616128630015031	-0.0009252567883976104	1.408100655579979e+17	1615078858714886						
14.27552447552448	16	45.79754781076425	0.003585653712821685	0.3295888694243934	0.9008524365472025	3661100220102874	1.117798671118296e+18	1.052391754369053	0.4365670611496347	0.3998893949927915	-0.007141143163737262	1.519581116204005e+18	7900586938694754						
13.360375	6	39.34413508919891	0.003285942619275925	0.2507032641139145	0.9145317410997252	1694851291771912	4.96567992602599e+17	0.9862041024760226	0.3562357006116592	0.1932239852359819	-0.003471797722993553	8.946709398932698e+17	4096744512832457						
17.99272727272728	7	23.45092811031447	0.002587800783585575	0.1028629746002204	0.9083079043324512	915261640797379.9	2.824917134338996e+17	0.9995565376137917	0.4435273895411026	0.1216855796698948	0.001363261602151944	3.925509431476899e+17	1491687300476750						
18.66128205128205	6	55.9150110954988	0.00270910049152287	0.2545272047010845	0.9124784656340592	1283538028966830	4.40003555233095e+17	1.018053037041223	0.3862156345617259	0.1647690969617146	0.005047429676849124	5.880970672922436e+17	2407029359522768						
12.93169811320755	6	57.68718930828028	0.004678665617197241	0.2713361798466223	0.9051541470694394	2485723356839291	5.494793505570442e+17	0.9924868032644821	0.350988676370483	0.2655988783818523	0.00239338398820732	7.730712151044467e+17	5245704196484281						
9.024925373134328	10	64.91490873026551	0.003167367680645393	0.3703476342416629	0.8842258126480466	1195769385545266	1.968796485234225e+17	0.9559596512165	0.4453986367583515	0.3358646589439914	0.0004278663650131298	9.830725016285629e+16	1581640522286990						
7.196714285714285	12	44.03886144068827	0.002551771040407849	0.1584577804413064	0.8947793520296932	1202114045743563	1.48226318082316e+17	0.6645931269909773	0.5715381072814799	0.100568434286772	0.002598375515224238	5.358132798620347e+16	1194212531547769						
8.772631578947371	7	36.73140963628991	0.001552395288052314	0.2039814421118907	0.8991621732870618	963483393066174.8	2.688848736666935e+17	0.7917286351561096	0.5629736110168406	0.1408778401588437	0.01308935896147068	9.979214480826765e+16	1036581188542665						
16.99666666666667	5	57.87275639452563	0.004692745084845989	0.1614437233936028	0.9163099931373145	1437918197480832	2.273556017873129e+17	0.90317531334092	0.2519773203087457	0.1016350887598496	0.002120877823484912	3.525826773994564e+17	2593666376936662						
29.764	1	52.54092051503575	0.005861015140145654	0.09666677227246567	0.8475761298063257	1678780902024493	1.540615816814296e+17	0.3960972782069111	0.3300865019682148	0.1330322969110764	0.004348037076932765	2.923756622733279e+17	2322578161396990						
9.010000000000002	3	19.39132142995568	0.002755592684084146	0.1958905126667615	0.8911896564149376	1075880974730193	1.715772208945767e+17	1.032949738910145	0.3145045017491895	0.1338304357879719	-0.0003246741812985565	1.439983410316761e+17	1712913994968828						
22.71704	20	19.88392460199665	0.000969279074848313	2.059954512896086	0.8546655881838813	5023083131029587	2.547257084610704e+18	3.977620048129135	0.3980021222800957	0.6649806990739353	0.002239385071040823	3.87796000138409e+17	4132591311351836						
14.41307086614172	9	22.44140990642052	0.001360783845786892	0.6257549154791937	0.8959388047220694	2074041752178890	1.047263646400861e+18	1.439110699909895	0.5927913328488613	0.1296816774456316	-0.004414137116893535	4.573533918963282e+17	2446334599727721						
34.3309090909091	2	33.11546795779625	0.003107437697084756	0.6704243886741439	0.8879416429780774	2180988365379647	4.081058847872611e+17	1.645789060343538	0.3221588287268383	0.2648385592408258	-0.00306827697782297	8.656871138601476e+17	3104598707720224						
12.33592592592593	8	33.90266757621612	0.001618667168094983	0.301366672525203	0.8997112408153872	952405133376654.1	3.329621189059807e+17	1.462910585020587	0.4713341674497276	-0.0230082319208168	-0.0009821089203689848	1.350805246782117e+17	1003766886412847						
19.07875	2	52.22142847124289	0.001414848412477654	0.1102776639651202	0.8598593357958847	909310201227088.2	1.182586218766203e+17	0.6181860189447492	0.6537140936088955	-0.04438921108174312	-0.01003606395878154	-7.266238296836768e+16	764811997408738.1						
13.11147368421053	9	54.38779144691608	0.003564456335637054	0.6013074597375815	0.8867868350433982	2714709121913543	7.308341079246487e+17	1.243598038570606	0.4785699049675702	0.6983530448292192	0.004137633479150415	7.245216677859798e+17	4267177839258585	0.7243609701962163	0.888102509149276	0.004075342615950035			
29.15541666666667	8	68.26374113079983	0.004715800115806459	0.2969280648612332	0.8615979291641949	1961370421973040	3.149773952085385e+17	0.6947160367316484	0.5192993256595559	0.185562668765208	0.009825082401427099	2.423514180500161e+17	3322473173740855	0.2990799510821875	0.8656171189142268	0.006340847117859754			
12.45204379562044	11	60.96775456765727	0.00445675102392059	0.4263853034219992	0.8951973158526351	3389269357031261	7.096782070631126e+17	1.119645392771884	0.5810660840127021	0.2422015467856408	0.005562614603629834	3.11532778615856e+17	2985149686965688						
12.86628205128205	9	43.20735447838176	0.001950495336519935	0.4527971456133184	0.8635960177114099	1968294207219206	7.47286286705862e+17	0.9671319028811859	0.6534818289134632	0.04947389930537172	-0.003689340081684311	8.75545792947913e+16	914005675047245.8				0.4288986247987402	0.8661241917433089	0.001781650369625899
19.21625	4	58.17293237908817	0.008365969379687267	0.3314664730231282	0.84545291930886	3332665105443822	3.697176591761472e+17	0.7167043671352049	0.517788947063178	0.2329943885302662	0.01166262828644882	2.77608141446618e+17	5066428386889366				0.3099301522311362	0.843388295445419	0.00741940661655557
16.75659090909091	5	23.98890182248961	0.0007897086265807067	1.079160265315469	0.9118228563706556	3655908327827419	1.325917415860652e+18	4.714650842809775	0.4114103696937395	0.4939403840245493	0.006308014552039665	2.065098024970699e+18	2025612005064393						
23.48354838709676	3	33.58731212932726	0.001741325199560243	0.5820651751371824	0.8702305958452383	1314951601954268	7.292352180795284e+17	1.09451109352158	0.611638930306741	0.4244841897319066	0.004368630819129193	3.894097557138735e+17	1322051669538772						
9.77478260869565	8	13.99974219625706	0.0003369208030783474	1.967764400757825	0.878395083789418	1656152881059468	4.158733899888879e+18	5.462230427190355	0.5446045172739732	1.204725144012953	-0.01512606367166014	1.646611597114485e+18	1118880938509591	1.414050392074036	0.8733101601981655	0.0003063203147585491			
6.55857142857143	17	58.85676921210356	0.002796562668914068	0.204185572627337	0.8873375209144223	1058451186468488	2.935151552340684e+17	0.7555546084921803	0.4301867063770594	0.2230184460845244	0.009161962537877488	3.08212315352327e+17	1779101153989518						
16.858	4	50.86083742028625	0.003023162878612807	0.2475661426848788	0.8886879551142483	1337760640330740	2.952751302117899e+17	0.7750132017829194	0.4518899054121964	0.223882936880773	0.006399068543164521	3.412057756153776e+17	2715343004640250						
16.95	1	60.40837497117941	0.001510308213940531	0.1637693189818836	0.9029171894523265	599530465910667.2	9.306205096299594e+16	0.7900734246021868	0.4315703161809334	-0.007611288514913939	-0.0006323055340803352	6.321216300695384e+16	636005310758210.8				0.1858362089919947	0.904139731027109	0.001742318269580886
5.045714285714285	1	54.12296805235258	0.001386977313442944	0.08903460667839751	0.8829447431535424	404432554876932.9	1.006150055153036e+17	0.7364084068986936	0.4469804232000368	0.01095438781796404	0.0001464168198503923	4.823176776053973e+16	252260932930010.9						
47.36578431372548	17	43.24240047456524	0.001967553608309518	0.5202732449112047	0.8810473791663701	2514076356350342	1.04468243079933e+18	1.111552107021797	0.3212593006023036	0.9018517319216615	-0.01318238816576611	1.897762689892516e+18	4505592424612115						
87.90794871794868	11	77.61909075034426	0.006824661977865195	0.3611788540030277	0.8676093232538378	4043190767318078	6.300895575129076e+17	0.9522548356897065	0.3252452098376341	0.590511873230277	-0.01854346287638664	1.047117710794927e+18	8911069367584258						
34.36249999999999	2	47.3786253152747	0.002999338363892625	0.248655199000649	0.8650866628232017	1178843142441623	2.83066135611894e+17	0.828900685099233	0.3421840751262916	-0.09647470006081502	-0.02199195810583654	5.665515801930306e+17	1609188818026702	0.179652208836972	0.8557458141347835	0.002953910445396063			
23.88875	2	33.32243919796826	0.0008897118225672946	0.6297830465125408	0.8886518573055331	1566346253088854	1.096150117616685e+18	1.635337126260979	0.5208742618250948	0.2524726644953811	0.008548805639740253	3.318257525465203e+16	882001832073372.5						
21.21193548387099	33	34.86780787155726	0.003246097375894844	1.552463024875703	0.9011612970611254	1.501384324443925e+16	3.855548165581132e+18	4.816976412820709	0.5623203767937726	0.8863960071220616	0.006954688216267324	1.658135455979164e+18	9585014316178384				2.034986094980033	0.9017229335665806	0.00299367671478606
34.16444444444445	5	41.14590775581897	0.001382947959696274	0.544669332728094	0.8604610532302774	2551144663486622	1.249172440396057e+18	1.670545917347076	0.5951515366237458	0.3709999340396461	-0.003208585967598765	5.44851237430561e+17	3597674237306298						
11.89404040404041	15	26.18919106784682	0.001164857912107271	0.8992859996401029	0.850896656451254	1772394112079908	1.188808571684404e+18	1.837977817255619	0.5497723569574009	0.4478488575611266	0.01176516411134898	4.611075223083123e+17	1421366581310342						
36.922	4	43.04460147232655	0.001738468194451842	0.2292097547516586	0.8682778385521618	984909226314257.6	4.050500096364474e+17	1.029517961871488	0.4660865377694755	0.1962759055616972	-0.005690168707924603	2.851247773120791e+17	1628656074801274						
10.49170212765958	9	41.38489750193551	0.0007334980603996365	0.360671342013455	0.8720345081169486	1102094415554518	4.784195404752628e+17	1.626401142635477	0.4183310525712841	0.2307746768053511	-0.001736905118523646	3.73849467292393e+16	1447783076265656						
12.95041666666666	4	60.89828204890241	0.004280295287167669	0.2038723666663239	0.908512426327332	1531558026275748	3.310550980350425e+17	1.316955673888686	0.3548465421363096	0.1804851053903111	-0.003042432651572446	6.154166079362563e+17	3138218847965268						
7.478620689655175	5	46.10832743975914	0.002238404366721507	0.143445861702391	0.8880876928247206	512451785304499.9	1.012077238771857e+17	0.6049591707700787	0.5828938876928977	0.009094299497108854	0.000801910989775112	2.346456952778424e+16	579553373348561.5						
5.138461538461541	3	50.22992682140565	0.004066208182593419	0.1316598187199634	0.8759169001986055	817704636697943	1.34479730550746e+17	0.5685097646190672	0.6734550502721897	0.005055856340275167	0.000945480631791118	4.365578017888525e+16	491530722038948.9						
9.616999999999997	4	41.93123761367399	0.002687722757853801	0.0690801589067376	0.8766017790180795	553593747856084	1.348410870820043e+17	0.539144000710157	0.5637856950710196	0.05864767320579965	-0.002690235332821311	5.909842004826794e+16	480077359618182.4						
13.48111111111111	1	67.78950678985287	0.003316216270753943	0.181702587673026	0.9032216578884946	995815119480885.6	1.016173184003758e+17	0.9700266814844761	0.2543536842600322	0.06853190425163999	-0.004838675691054561	2.099769242388476e+17	1701430503748188						
6.603	3	28.65301542322947	0.0008443258968818254	0.6350021089769449	0.8522309165524465	681044685787552.5	4.961484143424937e+17	1.502844825448286	0.5452296428150333	-0.1271863835049276	-0.01305296028541614	-1.826648232599302e+17	719347413499714.9						
112.3075	4	62.16770620691246	0.003208588008949578	1.115943104127458	0.8693680716131312	5718192073921804	1.42920432406044e+18	1.797575995687393	0.3011801474196916	0.9039437330035559	-0.002354749633603492	1.857663868076961e+18	9519193650181650				0.7384850415096447	0.8811591362679675	0.003271944654344154
22.95444444444445	15	40.13055170843642	0.001798954355735219	0.3438073125624015	0.8947467065963638	1504843698051406	8.19416895679627e+17	1.026941154540061	0.5508679389306668			4.222539357114273e+17	2562439676739466				0.3405035527142104	0.8933133310107827	0.001595793349069462
106.05	2	77.77314403601859	0.003172461825447075	0.1030946994360387	0.8526999557545828	1173725866646251	1.832033482911356e+17	0.5634505031698148	0.4540371675563168	-0.04852037310033692	-0.02166361211637047	1.133382393076327e+17	2278731127173096						
14.25129496402878	23	56.36344389067198	0.004802564126978127	0.3859218244385528	0.9132685958795435	4789082818802226	8.874067309885478e+17	1.194119150316744	0.4044965280408873	0.1396778266072172	-0.005338887756412003	1.001787381160129e+18	7976644224314754						
13.83181034482758	20	56.23885076213418	0.004011603429506304	1.019301719150747	0.8906682891216259	8030921169675818	1.915770295267854e+18	1.757874999087232	0.595752718609162	0.8929102694320017	-0.005733893756728059	9.17049019327724e+17	8936057133118157				0.7441330050688405	0.8938028412881746	0.003586384634600294
16.16113636363636	7	46.5164380838373	0.002870675877695947	0.4333348418011165	0.8952171177853941	2454424976513712	8.083953587510895e+17	1.026934357085233	0.5280504885287524	0.3801048226682955	-0.003590329262137204	5.6021505514296e+17	3612766190602715				0.3613555916940235	0.8960685782766108	0.002606883650236987
9.190714285714288	6	23.74231392200922	0.001040498230566847	0.5336105073785355	0.8644381162873979	1098488722221694	8.468610037889222e+17	1.422754107552332	0.6197747939018988	0.09706705101707425	0.001429696448411066	1.74567278560652e+17	855854039464226.1						
17.37	5	21.21805396810882	0.001283970615211983	0.4995846050746094	0.8568282491902542	715579526387505.4	4.523204750709009e+17	1.339975610442333	0.4753245683301668	0.4942095902308259	0.0186135865774375	2.900021189757525e+17	1075027539136960						
12.55115384615384	3	63.76954305743435	0.007324697985037672	0.06376660216413392	0.8691060595217762	1318485235539394	8.08058924835632e+16	0.454210918717763	0.5944803875148897	0.01759225899607357	-0.001037966994582917	-816167347304144	1829029976225188						
38.52999999999999	5	44.99841236542188	0.0008419608690428145	1.305747996567264	0.9053978746821706	2201561080144093	1.510398341219728e+18	3.093752032672414	0.6166981486839321	0.5678115875609198	0.0006811432039507404	6.723168114766725e+17	2683167015879435						
37.91333333333333	3	41.83211394003398	0.001767775599767561	0.2476288678485265	0.8636367880064157	695679629169742.5	2.65842169135427e+17	1.049594485946761	0.4864080863533899	-0.006859180987838526	-0.002044438746270472	2.291217327232342e+17	1016985348869000						
7.457666666666666	5	28.84604949679628	0.001068482653278471	0.5362024716483097	0.8785460788310341	1169935959143345	9.540382777602332e+17	1.438556753909971	0.7011415028904058	0.03684830611519496	-0.006912147334102392	3.597211875634092e+17	1398256133781206						
10.25411764705882	2	22.8629454562947	0.002731031242164336	0.3565403708190743	0.8734327331339238	1589554366658200	5.614652102980978e+17	1.038886494494735	0.5148888101112407	0.112524976648752	0.0002451911941289131	5.063554008189807e+17	3387409458700648						
9.586	4	48.71002999716431	0.001170628333202203	0.3010991995169164	0.9145607430932216	832690795278460.4	5.858435883038362e+17	1.005803547642234	0.6404232290388884	0.05385162012110367	0.005198675724556345	2.790251798004646e+17	645120888863779.6						
14.00461538461538	10	36.79167678643803	0.003663445533107325	0.4579502985890808	0.8733382629701646	3516741295656172	8.946557507436969e+17	1.13258378886779	0.6569815161117812	0.1355935697416529	0.001134421163595856	3.757690347035483e+17	3485973681193456				0.4089723717429956	0.8716101100837722	0.003309305339271313
24.06901639344262	4	54.83138304967502	0.005335742060154225	0.2749040006972897	0.8967894575128447	1385933406062070	2.265703351892514e+17	0.9924851389056354	0.5054034194853489	0.2402353149898924	-0.003341622499613672	2.096907823243701e+17	2010889545889368				0.2215851610079025	0.8980621637720044	0.00513633647170727
16.23190476190477	2	52.51955148779157	0.003354211036022725	0.3418011058521314	0.9014494975690975	1358255705926242	3.254110223864866e+17	1.206465077978193	0.6336463587550629	0.2289574603665132	0.002139829007131611	1.704715933813581e+17	1461020428630847				0.3698900469053883	0.9009627255818285	0.002511115935512888
9.955757575757575	3	44.62241417983729	0.002290592403479393	0.1655311470266014	0.8875486969964915	1282925248793704	2.964366551700683e+17	0.7977101521628538	0.6507439917300765	-0.02296457973081445	-0.003336983657089676	-2.867525250399232e+16	621889359191543.2						
9.447246376811595	11	59.04815135554001	0.004084646566295537	0.4114185602925767	0.8977366680696837	1771177465911968	2.688345751496301e+17	1.019622328493906	0.6947729319678612	0.2127399212201858	0.003914322402039483	4.153899742614634e+16	1181770363544318	0.3729985890691768	0.8981429125477183	0.006223681444330826			
8.330454545454547	5	52.26367740957165	0.003812290238562465	0.2838885703703337	0.9111830903062811	1164817167957135	2.177874779856752e+17	0.902914874516895	0.4432869270615166	0.1723848479502526	-0.002702753562997651	2.642958537166038e+17	1687687108551914						
7.524035087719303	5	33.42504791656562	0.00216098519432428	0.4147160450349957	0.8987094333217988	1906797180688578	7.811759234456975e+17	1.155738854250097	0.6223988469028059	0.2403674594367871	0.0005977234131129272	3.91745884577174e+17	1380026374184481						
22.895	1	77.46938591576287	0.01229023129708341	0.3272523105277781	0.8631460029184946	3519941785216227	2.18527617552454e+17	0.8678711686411087	0.5917461095995935	0.4031106322952092	-0.00251228759402955	1.302335427427537e+17	5240587613325008	0.3877602610377807	0.861982662519558	0.01654706034181454			
60.03338709677421	15	40.16648428095324	0.0007264089606581432	2.390038484621402	0.9195707846833803	9794871823634534	1.031147560017412e+19	6.259088943916936	0.4450500830672744	-0.2261257266239634	0.00247442122893915	8.277053472479543e+18	9305426669268710						
29.15	10	50.82663798457657	0.005102271532092532	0.3931302524487547	0.8809669764302799	6966297599376028	1.145026482297523e+18	1.063433488772895	0.4911914008775312	0.3484442633514426	-0.004653253016801751	1.043605093654246e+18	1.084692896708856e+16						
12.07972972972973	3	27.27456730282302	0.001000492282280462	2.468712612778081	0.9103046075099838	1929848349030053	1.729709179259045e+18	4.433690969162738	0.7603184137044825	-0.4179266642879975	-0.0009732849784714892	-3.098584016580854e+17	969523854235621.2				2.462565122049068	0.9095622062130233	0.0008506535798245793
15.36454545454545	7	55.49464791805428	0.001725315485576566	1.069532569623456	0.9172928938482194	2674775636902539	1.153018304272044e+18	2.887423292376106	0.4329628424601903	0.5163964999028799	-0.008920177083324266	1.166365133992946e+18	4429048545619107						
15.18478260869565	8	49.0847968505455	0.002495936354900842	0.3275513367341765	0.8633881018990859	1839883501431110	6.727066307175654e+17	0.7510712268069601	0.5119315189737855	0.2717648854589162	-0.001867033955445407	3.330180086540305e+17	3342728759387664						
11.32392857142857	6	50.78334024227331	0.002900248207458707	0.1182352246691077	0.8958365280539309	1249892810590010	2.438682582105092e+17	0.7963371310779543	0.4740138536083433	-0.01944180380070046	-0.002790878829484145	5.996736474111104e+16	1396629656080857						
8.186666666666667	2	26.4834935158681	0.0006407405300563401	2.441381799857791	0.9228858798887049	991368502260152.4	1.152181095695087e+18	6.756662556542571	0.5519627553890256	0.04324747705337151	0.004717532020641846	5.36069619005782e+17	822522137403786.4						
103.8136363636363	3	25.01266671724809	0.002254556486714145	0.3531644712847938	0.8817713128913737	1909134488688396	7.862306504386423e+17	0.6417213538404696	0.4066456849011743	0.1510613437010109	0.009231582881219835	8.460652685570196e+17	3269987971943662						
20.29128205128206	10	67.55911805432618	0.007015304947494322	0.6301056266596619	0.8848720927725093	4153843817995880	5.194270855554514e+17	1.381879966640762	0.4773626438204695	0.3004827297587679	0.005960483631156088	4.589900926046523e+17	4146746305282604						
11.13363636363636	5	32.73319702249312	0.002738037850871415	0.128871310319738	0.9016467832250575	1195597967896438	2.49211690137149e+17	0.5922985512397094	0.4388245610802938	-0.03290769384324216	0.000949962330820453	1.898062771052969e+17	871191240520845.8						
50.67627956989248	54	56.26744102870511	0.003385790367047267	2.724123624426597	0.8891334621570087	2.738296817282968e+16	6.93970436827854e+18	4.706350040071229	0.3607844828527872	-0.427699441943632	-0.01834347070470543	6.420705809353393e+18	3.46360331708794e+16				3.207419826062598	0.8909666090379108	0.003457989548424748
29.53743801652892	15	52.45487759928111	0.004283622360059362	3.83335524423222	0.8907551731695647	3.03008051935765e+16	7.026595539153657e+18	4.983192004759599	0.6623795778161263	-1.100301933657235	-0.02698931279527883	2.337006984528872e+18	2.483050133348929e+16						
10.45133333333334	10	43.95988158002151	0.002517200208281982	0.2221652209713274	0.8478971633191846	1767737742199377	6.293838261231004e+17	0.6219155585129078	0.5808358606560999	0.1304509967548883	-0.007861189744109209	2.125887572667016e+17	1734711192508148				0.2578234364305844	0.8469056907741986	0.002430918439901716
31.05304347826086	9	48.42908452719858	0.001478401378507323	1.60433998288897	0.8841650202595835	5109567400856122	3.559726264415816e+18	3.879134642678337	0.5626396240060552	0.1619248294228151	-0.003516075019378229	1.828764957521227e+18	9269841162093508						
32.0725	6	40.41541996596076	0.0008827268764209396	3.057109307416354	0.9194508992716164	4191132596866816	3.679553779282385e+18	6.008996561631003	0.3820243309416165			3.168435408677329e+18	7601533892187983						
7.009736842105265	4	50.05087883427342	0.003460002512020684	0.118836419670421	0.8741909665352455	1952093324407825	4.935931503624011e+17	0.657802161046704	0.4861477247969982	0.07580159361444748	0.00143845710675794	4.496159449428546e+17	2711564856456984	0.1325399681176701	0.8739251871014969	0.003749531219508629			
39.48833333333334	1	54.96811293140488	0.00164183409554006	1.017923181100908	0.8994956910704154	2262241320392940	1.18235752980318e+18	2.209876642126137	0.4237856003482663	0.6410249266312187	-0.006034001991200189	8.927997700671512e+17	3981232480419802	1.24838456140436	0.8976312149794284	0.001694312738121349			
16.56076923076923	2	53.1964320546075	0.00228838594131938	0.1001065665077365	0.884790493826511	1221711931642538	2.23698151062067e+17	0.6166211049512611	0.6713196837453249	0.02005295908057189	-0.002418056285678483	4.714261081658218e+16	998676876582590.8						
8.745882352941177	4	16.26105986490031	0.0008500885840541936	0.3551343208873367	0.9055000808017317	574252941659711.2	4.675016986388195e+17	1.111618300356684	0.3854938917336337	0.2015596394072603	0.0055672671380258	4.742540579539354e+17	804023301475833.9						
10.71	3	38.33180381313594	0.000621125407393391	0.4411283379166572	0.8845659113156867	716050634788976.6	5.827035847414209e+17	1.667017322991508	0.6012738587219254	-0.1506644333814179	-0.00166071252123845	-4.322844886486234e+16	1027249394721599						
90.64292887029293	36	34.83986381767215	0.001302847038580085	0.9659866847886114	0.8360679111194282	6285558979249158	4.359601986017153e+18	1.404411206473564	0.5091185550920602	0.4210754310273948	-0.002096505985009878	2.983689737048657e+18	6280289427858919				0.6605872133371682	0.8472719927913622	0.001304241512334335
18.85662790697675	2	57.18897477450816	0.00937284487412233	0.3856558117787151	0.9068063604101289	2560619112363484	1.587655899628812e+17	1.007006165350859	0.4416969551474659	0.3404724434419324	0.006729635085442887	1.079158801261425e+17	5933093000173954						
32.25600000000001	5	70.58876078061273	0.01023122429839879	0.2770883683506345	0.8771320094193762	6236831537774083	4.949493430063972e+17	1.069654025616347	0.4862313180011919	0.1793082983228371	0.003763180127519639	2.079277327729045e+17	7629785382578408						
12.79211538461538	6	73.19194466187258	0.00510540100074137	0.5157345429215002	0.8792330834100324	3647666825424178	5.314947377771226e+17	1.045554309467405	0.4726928943183193	0.08003079111893319	-0.005774514564623634	3.748783239210572e+17	3843748147122612				0.5705281873957572	0.8796033784858878	0.004340884565566965
18.26085714285714	7	49.84348598025854	0.002388561840595203	0.6391832306883523	0.9174420418912708	1683649206542097	3.282519554081575e+17	2.173273210064868	0.5337600664561098	-0.1584214255753034	-0.01155820800793406	5.417687738484198e+16	2931706357028663						
16.89882352941176	3	46.76300573642725	0.001085262770963026	0.565034081108045	0.8826723440316944	1205625743743044	4.838823878119483e+17	2.362443085302639	0.5431222982736507	0.2368210635368913	-0.0003890595623103899	2.456438018908042e+17	1175089823814640				0.8108890721502405	0.8827508747106397	0.0005410209057316419
15.45333333333333	2	31.32811965840842	0.0009858550401125798	0.1929454240125414	0.8760726676800783	830493597771403.1	5.595657988799617e+17	0.7643879939089431	0.3704163659375956	0.03273128598307976	-0.001163887122138108	5.942666411395781e+17	1083756065013705						
80.11925925925918	16	46.504577824247	0.001794428747464615	0.1412120564675507	0.8536306110663682	2721016628721914	1.249570060139355e+18	0.5525208558872077	0.5236641226439011	0.2105921720656349	0.01259083395235927	4.392520827590794e+17	2271597926873013						
35.62146666666668	8	73.34449141805142	0.01130772151699169	0.9692177263581538	0.885418438972065	1.708157437057384e+16	1.219489466636102e+18	1.91243071153118	0.4832737641262826	0.3939022021617093	-0.006310817377212286	9.438223519275917e+17	1.58057850382224e+16				0.8042778701193308	0.8887612399750671	0.009811877916157671
11.43692307692308	13	58.72856901181171	0.001543921857498129	0.4847558448583617	0.8590385122546517	1217013016234544	6.477379287635988e+17	1.484545557255946	0.4469576134343246	0.6803971429697497	0.009125915675063156	5.319586756115667e+17	1209096865850149						
9.784743589743584	12	55.1147922114288	0.00127704788445775	0.7880462865584175	0.8846287082590367	1474672437853498	8.163592132366963e+17	1.563667582682124	0.6976221577914085	0.1878935648490848	0.0009603391216097545	1.186153731248228e+17	485030052128277.5				0.7066357857608262	0.8843677508599133	0.001134085005990501
8.611578947368422	5	64.77615610348639	0.001454280698465147	0.1439603373482126	0.8977440934734032	963795270692678.4	3.750743466221826e+17	0.8612522190209427	0.7469391372509396	-0.02109713249131076	-0.005972025222750421	1.331185565096557e+16	591386179370728.6				0.1553483442393492	0.8982368960497551	0.001057066769388054
13.19090909090909	5	71.51253578922562	0.007086794908637897	0.2681329807092878	0.8372565729291203	5220418525925281	5.567186758409754e+17	0.670611111435944	0.5291411499681763	0.07560441295164982	-0.02225578256137839	5.026783159458788e+17	4257830126719778						
18.97111111111111	2	79.80364607794141	0.00577642671712991	0.06144823639217842	0.8058424626746639	1238582944987623	1.252653695345231e+17	0.3096030310961554	0.4526180122589124	-0.02867432313295516	9.328314210743649e-05	1.168739969312161e+17	1512607192521513						
11.396	4	54.65886189695345	0.0009492066335961697	0.151812046280127	0.9047239420548852	743634221927426.9	1.680276618904152e+17	0.8679616512954561	0.508068906818044	0.1270439989182995	-0.0008161842879804704	-1.980961495681354e+16	502251562016902.2						
21.882	1	76.69241776306282	0.003388433690007607	0.08589659293966243	0.8415096602263548	1121740957294866	1.214515807451573e+17	0.3737150213700186	0.4844338155930433	0.0764190243177012	0.00897719982648415	5.545702583335419e+16	947230080544058.9						
5.147333333333334	5	51.69316040162892	0.001865385245750048	0.8198672192322224	0.8860364369435132	1338162343924384	5.687785575959221e+17	1.966462194933107	0.6386819013717134	0.5348776515416007	0.009048025328128761	3.479109668599084e+17	1034858666493212						
8.549999999999999	1	73.71941537215629	0.002895799627428594	0.09960823668486261	0.8500250686438973	1330882708356356	2.061742958592221e+17	0.3871322874136254	0.5847178550246399	0.04824514437310187	0.001478201026770321	1.17790998163153e+17	987330557142479				0.1401083000183927	0.8480348505984574	0.002756167736564024
15.7225	1	71.77090226465317	0.008750527396602837	0.2013538143808737	0.8994256008303952	2136703088694312	1.261032919472508e+17	0.9131652756445627	0.3186763277556874	0.1134566624759056	0.00342657940824298	2.20135500538596e+17	2569985630289098				0.2079698870398335	0.8990385032006318	0.005216582232676412
59.3042307692308	9	78.77150993314558	0.009820949406534808	0.4389773930076015	0.9188168933785784	8875883824738864	7.207145337447574e+17	1.92083940832808	0.3927613530371926	0.1754980841207593	-0.01231923821263925	4.992042669349316e+17	9474584035956312				0.4273740494007535	0.9257601067221638	0.008706451418317919
9.899520958083832	16	33.26772567949815	0.002732046207212673	0.6495992598492809	0.8980588429486539	2566280774221168	8.834790912564945e+17	1.624414683658572	0.47154412131267	0.3106829581365952	-0.005404686892445998	8.268488878450597e+17	2934979319800578						
15.66214285714286	8	52.17750204115074	0.002174394584818965	0.436691620242993	0.913103978383397	1106255003266582	3.743369060824879e+17	1.198129904505637	0.5436382010832095	0.001343396192448276	-0.003199094019729287	1.863105662830863e+17	1088890967324130				0.3555392273685751	0.9123017034570284	0.00212020333841121
20.4775	6	75.67610745230631	0.00588123219701499	0.16305087028636	0.8681556246368924	3652808483059006	3.775837602702556e+17	0.720827339410603	0.4568231792029341	0.09306878031742644	-0.008525934861454809	2.489535321034655e+17	4523220035390050						
21.10777777777777	3	51.03480438801538	0.002522664895861054	0.6265446851024377	0.893777088043762	2257980963886684	8.894494990573732e+17	1.562103382864174	0.3131821636050039	0.4202363365171169	-0.009693006245122926	1.432520750379207e+18	4581195282970992						
12.40285714285715	9	43.7955871881659	0.002103721154324197	0.1688956307667077	0.8742765451229325	889301757404649.1	3.034190125460984e+17	0.7486541811034281	0.4581113671918667	0.02990089078453956	-0.001581723823846581	2.889221830276211e+17	1232317479937787						
9.686	5	59.95926489593853	0.002392317032245526	0.2202736085725503	0.892100021931075	1580659340957455	4.92091211960799e+17	0.9912927134489018	0.772955791118937	-0.03623535067418121	-0.002985616601720587	1.273066064070116e+17	1426796356344450						
12.139375	3	67.80196221659438	0.002432614764295708	0.02513075258829729	0.8747302878805839	970587977885592.1	2.140783728039541e+17	0.7358387600824345	0.5818543699625629	0.01156742543241758	0.0002363107947332965	1.0554196185962e+17	1083099663087722						
11.72375	3	51.35902858631256	0.006825454448272167	0.2694424524157244	0.9061639272260332	1751448618574850	2.02542031422853e+17	1.183392141769315	0.3455142973922872	0.04346222844965197	-0.005527078315922695	2.936483702369062e+17	4099077089988217						
6.0025	4	46.35624070913552	0.0003732762556244635	0.3959606635885454	0.8890895944055203	333026440880809.9	3.381588039977985e+17	2.925554835761948	0.5743661276350298	-0.07772073196346413	0.003449055442602544	9.18467344170215e+16	166762612727865.4						
8.095384615384617	2	55.47916451128646	0.00330058531834822	0.05737168674502631	0.865940729040022	492211942632993.6	4.675499729357258e+16	0.7168610352064169	0.238148177701951	-0.0457036211585345	-0.001639673878202408	-2.039016149391202e+16	603203960567940.8						
6.101818181818182	1	66.59269878694772	0.002455464532887369	0.04254422645049511	0.840704920710432	539091595289668.6	1.03306998160652e+17	0.3890185172188136	0.5503767780577277	0.04324568372545623	0.0008972185317305259	7.74853546835917e+16	768776606747735						
25.385625	16	51.5127829475366	0.001803436884941816	0.8320896747561672	0.8757119429086474	4217656460833815	2.253934699196099e+18	1.509124314894292	0.4310599217805869	0.5544553722641594	-0.002163789858803056	2.360502350294071e+18	8087744611735926				0.8523002927951715	0.8770095668581921	0.001788782164186213
26.06802816901407	11	53.70634868714971	0.003890991192348769	0.2974027728064882	0.8741418671886502	1785489006463360	3.401019126106343e+17	0.7142377814238797	0.5647707629579516	0.09472682189256548	0.0007027892462302399	1.245745309538244e+17	2582904738176726						
21.43051282051281	9	51.44546564984775	0.003201163435313143	0.4412013031501956	0.8872383182287639	3092600191565570	9.750520845771464e+17	1.268690569266724	0.4449923657847766	0.5272254458752903	-0.003623984740431019	1.01121376226404e+18	4794587523324148	0.6615304180681857	0.8866956822156126	0.00327385878743437	0.4059882107290631	0.8872613321626723	0.003056520704876273
16.91594594594594	11	43.6561411187581	0.002335338742762188	0.8563983255231852	0.8812571847458068	2487666231179232	1.015897495677294e+18	1.511735526008053	0.5371944230201662	0.7978610600185106	5.689278419152011e-06	9.27218009671708e+17	2265705075832372						
12.76512195121951	14	52.50682800244814	0.004568852426740079	0.2254908070496471	0.911088516522075	3772680308993980	7.491642705771735e+17	1.255722599322526	0.5449052237986404	-0.02791919702432524	-0.005241448192749965	5.444494509429431e+17	4393335598340772				0.2386074352702535	0.9111554446757431	0.003589380792682993
25.75327586206897	13	59.58415672077828	0.004415637164018747	1.04671855573595	0.8822778066682019	8458799081973296	1.635655934752866e+18	1.87857763399579	0.4472652751146344	1.002571008588756	-0.001804311322044172	1.37685521389569e+18	9533687677775440						
12.94483333333333	7	27.24103090730621	0.001488139005916943	1.821609224321339	0.9506157156357518	4378293183638769	2.102018013067839e+18	4.669946327762851	0.48242678373201	0.5174207791280874	-0.0004719568918754025	-1.298833175782011e+17	5516930586498366						
23.30129032258064	8	32.71711063738987	0.001896268650804441	0.1707872474874275	0.8738112966629074	842412954156594.4	2.724308380462767e+17	0.7398162911972156	0.3339843415897317	0.02189982784330249	-0.001898655644582359	2.744130200746503e+17	1020694423767750						
18.58882352941177	3	55.54944574751384	0.002518070372739152	0.4474518911341211	0.898499406030502	2407589238145996	9.179288370662623e+17	1.569818075106133	0.4383754217788101	0.4459443504153862	-0.00723183366745106	1.029753560952206e+18	4718837558283996						
15.12775	5	46.160606600431	0.002740366685715796	0.5251797326244361	0.8861794427167284	2215083082925054	7.533237698629103e+17	1.175223408642516	0.5116775968976641	0.3774760669595527	0.001093320764542383	4.951781749596675e+17	2605946389819710				0.3845155330005219	0.8815610090458289	0.002587833667360465
14.73206896551724	4	46.66755022463509	0.003641354043844951	0.1866650866601769	0.8884822036318656	1597016802783407	3.09685845631735e+17	1.114233238445387	0.2906637241433339	0.146418410688919	-0.001754864296330871	5.463435863345201e+17	2645924702676194						
16.53529411764706	8	43.35994169127986	0.00172383294321528	0.3195070159801898	0.8963944368839337	1449934130658434	5.403861026289544e+17	1.175456086461461	0.5607018063427055	0.006371451102663794	-0.003793189256818486	-7199324604760576	1203830561431774				0.3229179071215367	0.89633489488625	0.001545698505860174
14.38486486486487	7	60.91934951194556	0.002384050919005443	0.1680802502468164	0.8934790430226534	1686079769687834	5.453428334114422e+17	1.118623181849132	0.5492453298300007	0.08197152662496204	-0.003790726724689941	2.836929048557321e+17	1819166667438588	0.1432735608982065	0.8932217949880564	0.002653136468028588	0.1477067610221836	0.8935548765892266	0.002276602949163088
15.36695652173913	5	80.54673066372011	0.004033530270647615	0.08035351435520571	0.875459302965986	2396861558937336	1.555162240517835e+17	0.6631663803043033	0.43243959886343	-0.01014744456429656	-0.001504469015448207	-7.307388231105941e+16	1618588707278577				0.07806423379502074	0.8781464411596451	0.002200124136680691
70.374	2	62.48903900713833	0.002229822424719304	0.1483519369381832	0.8930917969672175	766787170328264.8	1.071598639151883e+17	0.7693410607649478	0.3026923238557859	0.08358921277504611	0.006178891557395372	1.61454031028498e+17	1250863247593146				0.1686935161382477	0.8924184557085441	0.001862422005468353
20.814	3	78.93988347910181	0.002429931413833576	0.2220174324362136	0.9254763776208182	1475281873731021	1.439509790423309e+17	1.287832928161496	0.4379265316496676	-0.06557942262360444	-0.005726499529132401	8.959000000311784e+16	842052130927062.8				0.2491417722875116	0.9252420931582711	0.001661323500856406
9.811666666666662	10	44.47225613612753	0.002473739640162784	0.2970764094748218	0.8986205936482951	1239359010243162	3.749455867850298e+17	1.044923109365701	0.5010834471797444	0.2340255171683293	0.005799329650440055	2.712787128709639e+17	1402337950108810						
15.30333333333334	1	58.25588196741577	0.002765192112128262	0.06827271481206529	0.9002532457637117	906964648096359.1	2.243963526815117e+17	1.268673743643638	0.4871190129998834	-0.03014925613352222	-0.004906616672494146	2.098338812510516e+17	1607637905424140						
10.06388888888889	5	32.99605814345535	0.001540435300397311	0.3573295869660025	0.8988075063074968	857471559441295.1	4.303033329998756e+17	1.236391306617009	0.4905511382836292	0.2133469789396187	0.003799551931708445	3.266595118965164e+17	931584533917841						
11.64875	4	57.34930459050572	0.001561668821558345	0.178265007175765	0.8972565719611182	929293216918918.9	2.059940980055326e+17	0.9801790174625312	0.498070580518296	-0.1580043300816447	-0.005503928317143081	-3.716206902360496e+16	1166717800657446						
10.83285714285714	2	20.51248221799055	0.0008141256688908959	0.1304363397394702	0.8548105111568063	433625784418159.6	1.431229321043669e+17	0.6949455532134348	0.4366295215297791	0.1043229591283732	0.0133119719079442	3.422334004962354e+16	551312828947337.4						
4.355	2	59.56826150130806	0.005226075952303812	0.09119561408577677	0.8832725520519039	1040968742361250	1.493442486257385e+17	0.8178908091394601	0.3986270004140611	0.00577836278346211	-0.003716634189571133	1.665834295546208e+17	1596102681169421						
5.01	2	57.93312912902561	0.001478294480270439	0.1136490313160974	0.8915976529285483	496740624048802.5	1.924940536566506e+17	1.058554323960704	0.5640979265733679	0.04920926768595993	0.001902503333378158	1.542059348876756e+17	485255134103120.7						
24.90287500000001	6	83.150779119178	0.008393810870003278	0.2879495200866847	0.870516746805596	3656312809562782	3.980170023859523e+17	0.9871674738017303	0.2928169091342941	0.5748477832564836	0.0003506931990391315	7.95248390332241e+17	7481192669671782	0.4713025115601316	0.8694075615647542	0.008721549871082968			
22.10142857142858	5	87.26462166805777	0.007144405947497517	0.3341824596277295	0.8923285337936353	2636654896849920	2.851309717869066e+17	1.219067662812257	0.5296600275699502	0.1314988834026601	-0.0006027426652568391	7.807321785862266e+16	2902966061763790						
18.00333333333333	6	36.34022572882495	0.001515934776831148	0.2915817518091653	0.9029075455108657	1777129067650112	7.954042656388269e+17	0.9391394542271837	0.3826949245060988	0.1183895483208826	-0.00491587192952736	5.610154978072929e+17	1528005094419882						
7.120285714285712	2	64.75810944587924	0.003704137102655311	0.1223185405174221	0.8895318366909351	1053285501472613	1.580056433519305e+17	0.7488739408859202	0.4462207084154216	0.06718536903281833	0.0009256375587591847	1.141650734553768e+17	1939092440276998	0.12454915302292	0.8907943635694425	0.006317479857458188			
16.55571428571428	1	90.63361752260734	0.01460652890051265	0.3141266119873928	0.9060964349404059	1670242104107722	8.144038565864056e+16	1.378304890518168	0.5692513246980136	0.3392111936257256	0.0002157553140932356	4.495868714482831e+16	2097332600719485						
14.23	2	91.58145848387586	0.004408953838764648	0.06880914575417156	0.8747808519119943	661199533615623.4	8.170590228489026e+16	0.6099195696226984	0.5329116111647549	0.0311387747890342	0.001550436831920687	7.216764767556002e+16	480901942683156.7				0.06055098162522105	0.8734137802300246	0.003322969221936987
6.111666666666665	3	70.34808946565381	0.002104510825829788	0.1074849493712176	0.890427533985535	712633895526336.9	5.63332441551771e+16	0.7562203475901802	0.3980261236002731	-0.008878949092657254	-0.002269755687216879	-1.546206162926522e+16	867848175227606.8						
8.593333333333334	2	85.8700787448433	0.006181644821570903	0.1752494732122558	0.8899753974034981	2126467653725408	2.647816072412318e+17	0.8840419233539822	0.5847684695651794	0.2101017208301779	0.004652132618802818	1.227848340970483e+17	2627357625024855						
15.56963855421686	12	48.47507774711775	0.002674806177313111	0.1271908756972707	0.8655192192610477	1789529707752341	6.198100322779063e+17	0.6455293540138002	0.4778446580966693	0.02487870801281845	-0.008761223296821163	4.818973786152072e+17	3062544506301530						
12.87377777777778	11	48.99108925857808	0.001908017244157352	0.1124932048911221	0.8692828343199978	1234257649207690	6.004265284102506e+17	0.5671872128711125	0.3927995736649952	0.05678950875733421	0.001781456103661205	5.807045877967601e+17	1946367838388450						
12.52792207792207	8	76.12757854745507	0.01004801068965979	0.209059866751195	0.8777167108953468	4863573073853512	3.360596246364192e+17	0.8752184798974544	0.6193486347949905	0.04727530045142281	-0.01012600844739842	1.468210198880392e+17	5390562099651910				0.2006065826607651	0.8809817915237851	0.008182452210677031
11.18939024390244	12	39.84510156305619	0.003221785833970116	0.43973392438649	0.8898748058938144	3163000313118620	9.089869848188163e+17	1.272118247031031	0.3900167272050457	0.5224424297238316	-0.006565520788211709	1.515057123690676e+18	6031749838964576						
61.51923076923077	2	60.4519122612956	0.003938499252246168	0.4644870565113755	0.8812239326786152	2549352099847284	6.569940925327763e+17	1.011662898035831	0.4521557542319073	0.3468778323643474	-0.004819425046572734	6.10326918349791e+17	5219773843081638						
13.20897959183673	5	79.27132591435399	0.01016461889422377	0.215303764808623	0.8962421741515343	2249292153556670	1.39367490232916e+17	0.9211347060600722	0.4873373251345589	0.154036620226106	-0.00427480997740759	2.194634723802278e+16	3188036645198106						
24.6535	5	37.63610778974252	0.004497773206533618	0.4510217810540938	0.8939637965554977	3652353029585332	8.176307688847374e+17	0.9965252216393585	0.2769150214328191	0.1152677827272274	-0.01001502732390347	1.505876009960384e+18	1.099119187416438e+16						
11.53125	9	37.24041844438027	0.002136171228688224	0.4660828161545654	0.8941260356434613	2255198523466950	1.010339616904769e+18	0.9866056893812952	0.4030764527531713	0.4508195109643557	0.004886108613859741	1.145351540451295e+18	4409482146158228				0.4133432334499237	0.8916855804489653	0.002055953290685795
15.02071428571429	8	40.70698438757426	0.003614274022850948	0.2812759276543632	0.8983594007895992	1518315326060725	3.205433636580244e+17	0.8468289195618889	0.2833032916894637	0.225732054537238	0.0006061337483916907	5.387798263522337e+17	2986975623521753						
13.02333333333334	8	43.32298942649994	0.00394902509656571	0.3650356432239769	0.8788503000397782	2652773715067833	5.912784223618524e+17	0.8732274795402062	0.3393983486758801	0.5917887410930063	0.0127413367022069	7.285952912774372e+17	5121714563170216						
11.32347826086957	7	46.37755294241209	0.003396870388739467	0.3768398965474252	0.8999414117024828	3686046264424168	9.513348734264828e+17	1.114855330466368	0.4312277325011504	0.252838383040931	-0.006791020961770866	8.653148519261404e+17	4406103570636920						
13.96277777777778	2	58.16659809479927	0.002675532247744224	0.171761180321305	0.8897439867006323	1602093815111778	3.749647443932902e+17	0.7135930901966797	0.5430797912380154	0.02814670706101985	-0.004196747904304021	1.98933421204504e+17	2321628575873252						
9.11181818181818	5	38.00354975177346	0.0025199362681293	0.200816810538657	0.8933778535597725	1176522379179878	2.969101662788074e+17	0.7238413726590184	0.4953547654155926	0.1021581971506413	-0.003956299035236643	8.752059694678176e+16	1753861582635814						
9.933333333333334	3	37.56520050645387	0.003375818699419106	0.4120912842229345	0.8989042148693336	2047649069009597	4.727025780131508e+17	0.9487890902391718	0.3454998827934974	0.2190023309348427	-0.007064748986899017	5.795849860184074e+17	4248033383721768						
10.7425	1	54.99000524897612	0.002631969167179491	0.2281711821890814	0.9000055244531863	1697618448127101	2.597167424924246e+17	0.8924744571681734	0.3843337613366515	0.1665863439283562	-0.001626960749797846	2.461360793337207e+17	2838330573829225						
30.70577319587629	8	74.8292955584714	0.005585441168883018	0.8243362835343	0.8914942206952469	7884558497394804	1.087472530241431e+18	1.651213891356847	0.2647073536185024	0.9078440268735113	-0.01086519221753601	2.150652556540133e+18	1.27071580222036e+16				0.7769769824757292	0.8920211156583924	0.005560966844374641
18.88891304347825	12	48.67294472690163	0.003718915021325884	0.6161192508927608	0.8931147721285587	7144821235116541	1.838619697715248e+18	1.510329967009403	0.6096751522205023	0.4979510029194859	-0.00581357241037328	1.006483112910548e+18	4333352169922164				0.5046840316759245	0.8979780527081718	0.003660322236492328
17.53169230769232	11	35.81298005377739	0.001491044136125436	0.2653107968790546	0.9035403366332496	837252659595589.2	3.269240286436844e+17	1.028376223263475	0.4962454091164633	0.08310776784473636	-0.001389074454245964	2.088383149223596e+17	682476746749169.4				0.2618178627256134	0.9043682018696784	0.001323278563583588
22.42971428571428	7	62.70822836462946	0.005409573065491193	0.244645931642882	0.9033725553997612	2398688102875542	3.85833705255062e+17	1.162408388856989	0.5817603709176712	0.1369103080462205	-0.0001112483449293711	1.735698719998403e+17	3383816155036337				0.2085672688301712	0.9027015794118681	0.004503411838122555
12.78185185185186	4	85.72335265075164	0.007432472483340911	0.2931888678701112	0.8740578085826075	4521532766388001	5.081082516658059e+17	1.066147958075642	0.5561804655832152	0.1721999620019255	-0.005136398338081216	3.347469494435954e+17	4613317156602859	0.2877399400563742	0.8734434301363662	0.008355400376942086			
14.3365	3	64.72226914656974	0.004830762532541237	0.08290409623885109	0.8855220881491809	1432146094477242	2.014252976562062e+17	0.7251085672310886	0.5942721672483449	0.03753596756190918	0.001934628026592944	7.007031134157462e+16	966522645760389.8						
25.145	1	58.25991188370786	0.009764657751985189	0.4161604344368411	0.8768193210242655	1912957009807211	1.435307078412147e+17	0.8386363836114589	0.2884325929791924	0.4160319390539003	-0.00161257899620304	2.432106582493157e+17	4274312082771893						
31.89833333333334	2	65.25295348658342	0.003444943253383305	0.1703084770219805	0.8984747155351444	728244529180252.2	1.181117441675981e+17	0.9480072357083595	0.488524752570917	0.05954734304015555	0.001577227979778884	5.710924625396002e+16	981165034142344.5						
20.9375	2	73.89350303308169	0.007969535655800193	0.2696177451404229	0.8831264747628178	2808635950245614	3.459037671728444e+17	0.898518272563036	0.4048537366505467	0.3119255654894096	-0.0003476366063619452	3.848456760814091e+17	7093666818901534						
15.62285714285714	3	65.24293991010838	0.002359247103827348	0.1421430724939475	0.9193293245195633	918441968193582.4	1.383940812957454e+17	1.082170649830331	0.3694683716494192	0.1068848277258743	-0.002483345140199544	1.223632549877416e+17	670151011660002.2						
7.1325	1	60.07875022826651	0.001862168276216609	0.08797307008024839	0.8905782624035419	567735452352627.9	1.258549509781396e+17	0.7765860147527875	0.6478838362700832	0.09277019825282129	0.001601350865197859	5.647831014392411e+16	353751024479692.6						
13.874	1	70.29141039914272	0.002125278134080952	0.1699031136671497	0.9005576422531937	567626477648561.9	7.305338627355741e+16	1.060170454368024	0.4898435532754717	0.1660659673276293	0.001671894616003144	7029795354849560	401621717363252.8						
8.715	2	75.40592766353424	0.004617515565668432	0.05866133980469559	0.8979169485148452	932021273717889.2	1.168036570169433e+17	0.7721509430102563	0.3454988666306331	-0.03621866787297773	-0.003920209888184423	8.881991649245845e+16	1205377652015896						
42.97068965517241	10	71.73559864439012	0.008666110874447344	0.129463872516767	0.8253666130532005	3394673493292632	2.545288352189427e+17	0.4659297445708268	0.3472319634278295	0.1054056309987611	-0.01102636831692871	2.744340544202283e+17	4242302655920398				0.1114465299082402	0.8265469763960955	0.007941367466203787
38.81765957446809	3	73.79403899805448	0.007782271631215706	0.2725803372548845	0.8167304396911709	7054569974950994	6.936812021169964e+17	0.7009655588063	0.7840910735230695	0.1372419996186902	-0.00344238567069366	1.791918865328183e+17	2950079508595472						
18.37666666666666	2	33.71445046358846	0.002347619239497653	0.1863765792674753	0.8941257186871931	1233660115114390	3.689506369620389e+17	0.8531535845186287	0.5028517323879798	0.1000583103822191	-0.005126114839303142	3.367570319745037e+17	2245834304692648						
20.1032275132275	13	59.30064780502047	0.006115986994315909	0.7651174538964229	0.8797662579306562	9757570482639362	1.665240811605728e+18	1.440366293940987	0.3586854272248891	0.8848233235702979	-0.0257303859735436	2.995997060593386e+18	1.956356278130894e+16	0.9434242756622555	0.8645312662099869	0.006165279432175365	0.6742787270686341	0.8853478974571102	0.005996159123060327
34.5704255319149	9	71.47283320277828	0.009866925512290511	0.5205220773115407	0.8454283673119574	1.206622423485138e+16	1.011215478529507e+18	1.023735723185425	0.440424377057543	0.4293280648393072	-0.01848102610511337	1.379760016603198e+18	1.833656140937715e+16	0.5254885667141813	0.8445724682406223	0.01025877392431085			
15.36120000000001	6	68.65333571600416	0.008451321849320299	0.7023848650750345	0.8657866491044351	1.037886033009889e+16	1.230813488045765e+18	1.275048786926004	0.4512371718560161	0.7112582453761626	-0.01395175602250986	1.463435772628574e+18	1.584888715658266e+16	0.859588618305049	0.8591592719791674	0.008773451490672744	0.5831206123417886	0.8700376111200296	0.008217049436787275
13.65671428571429	10	67.50428258362957	0.006870587556902465	0.5499787321932107	0.8889567746592121	6027215284009435	8.736122773808433e+17	1.260124201766484	0.3577599785679027	0.7063870809868185	-0.02227808022766808	1.23284140835696e+18	1.143223736889362e+16				0.532802620749023	0.8911400130633436	0.006785242067944099
19.29918367346939	2	69.03479911916506	0.005738155839328007	0.3712830322686801	0.8865153442124809	3388251700287572	5.183467577804997e+17	1.350829821538839	0.553759822058369	0.1723917106773791	-0.006552821899864836	4.111600415707743e+17	2669096316274702				0.3662967580766242	0.8911407255110237	0.005127265983792998
18.97577777777778	7	59.75716999635283	0.001568794993139585	0.5116353363394646	0.8894930602809599	1086023832852507	6.204905500144372e+17	1.297150480300959	0.4315394013328735	0.2983893736481019	-0.003869517926809007	7.418601283575438e+17	1452861117924012				0.4324491495502142	0.8887224481041861	0.001592892233899324
14.10527272727273	9	69.53084788145443	0.007370341930625983	0.4683790776477961	0.886850075794259	6594164716966970	8.22956935262892e+17	1.200176014090286	0.5019170619930291	0.2147228735640209	-0.00764605610932878	6.667100533207812e+17	6480943152029015				0.3664203881711789	0.8912040694395869	0.006686862666794283
19.1404347826087	4	84.72790614577468	0.005544701771608881	0.3341540786551355	0.8622419440671973	2601287114121328	2.82856884286693e+17	0.9120227395847775	0.3770577454543057	0.3967708403252949	0.0236052470291902	4.941415672623647e+17	3702732150972176				0.263973681924875	0.8594793397089792	0.003562096156132828
14.20033333333333	3	74.89587175166544	0.00324700367372976	0.1769723937380733	0.8748397824759835	1265894428856012	3.570095942072802e+17	0.7907874979183519	0.4512830648818278	-0.02083234988779756	-0.01139516814896546	4.151173628081727e+17	1765564608042304						
14.69166666666667	3	67.11719524103204	0.005053216239431271	0.1448139877390798	0.8820502365686664	2861609970127262	4.652032852992167e+17	0.7046407247628026	0.53908728082609	0.08702985961936924	-0.003799347293459432	2.958680048745549e+17	3482794967367280				0.1694566135987263	0.8835721799489915	0.004641277846866868
9.06111111111111	3	80.82485321220825	0.004185664320420435	0.164910873442801	0.8794122842464283	2769095680723224	3.375694670535709e+17	0.9187008662419071	0.6494401205531347	0.01898912705509351	-0.003649709440968096	1.59953853136328e+17	2436294523889781						
12.52625	2	74.51103657194548	0.006442053153817712	0.09653382001912164	0.8642967479525829	1957444951010928	2.024786767402056e+17	0.454400407968319	0.4326204668052768	0.04460048612427367	-0.00327886813423417	2.438574885093169e+17	2658513295191830						
13.82571428571429	1	70.97956793479536	0.005888236574917513	0.2820083350702607	0.8962118468437319	1441742689657310	1.655299341477124e+17	0.7467107228725547	0.392426874335097	0.1392430323100023	0.008270560326763765	2.074494403760692e+17	1551498814492366						
14.105	1	76.26342169384756	0.003717024617935556	0.05482312189811506	0.855565634978848	1053768934190665	1.723394148044256e+17	0.467966989880144	0.3457507827523291	0.02089157695258533	-0.00199136783401932	2.422619074127814e+17	1304906897413439						
17.84529411764706	2	37.13531975687916	0.002744274386020594	0.1167647986380474	0.8411962065768938	930131197729879.2	2.281310559499786e+17	0.3661662935914086	0.6370395689944848	0.08412382001267139	0.01154914496200121	-1388708077337504	1469365978120773						
21.06277777777778	2	35.09312305392827	0.002661324170234263	0.296139296249222	0.837288682312853	1541676816107052	4.254443081880985e+17	0.5592521982790232	0.4857109407726847	0.2372462215308022	-0.0002038600638731847	2.481161429085282e+17	2385828517375216						
15.86380952380953	4	37.94315658188371	0.001938127169810747	0.1244694573589811	0.8584007381221852	1123975346355640	2.211855935013511e+17	0.4972799786616822	0.5575326683087175	0.09683576099536226	-0.007160015945674392	1.057152527625313e+17	1234580925915221						
41.02188073394495	12	60.98925545802112	0.0037597205599991	1.011297872756728	0.8370173727411694	1.289230880354143e+16	3.265010727169911e+18	1.343048883193938	0.6756430436059195	0.08488457640142799	-0.002597759290582258	3.683694390394552e+17	7003253097785660				0.909935357261641	0.8386179539862072	0.003447881992355667
23.46559999999997	6	57.08443950567048	0.005108150458531153	0.2670084858887975	0.85175295208983	8614141343532175	1.271558799266285e+18	0.7540430882730267	0.3541811713121484	0.3972151657724945	-0.01157767737980797	8.850210620797733e+17	1.200673177447229e+16						
38.63238095238097	4	75.92320530858663	0.0130401580159602	0.09070506318959404	0.8660124536979277	2415410875507218	1.00747643540293e+17	0.4809974449385573	0.3703429954244438	0.01288140791197633	-0.008252694053323184	7.928752442728118e+16	3208425719250952				0.07361096567652854	0.8681475486041629	0.01077496344039864
16.19846153846154	9	59.22540553658659	0.01131212935100715	0.1615372604023974	0.8483354644696467	7721383845757800	6.076778893991546e+17	0.6420902824381181	0.5702525817903938	0.1179142178054629	-0.02135800906265006	4.129708140153149e+17	8624086236881807						
36.65733333333334	3	62.11406031777973	0.01192810701314685	0.1036611994964868	0.8661874018877995	4937944208207467	3.40366062982992e+17	0.5198539810637474	0.486834101296291	0.122895264870988	-0.006275218290215379	3.220701415342663e+17	8904634997622748				0.06589095642804714	0.8683130329114361	0.009848439287081966
17.54927272727273	4	89.37938814285218	0.01100026355542106	0.05730557832182294	0.8040311639001232	4799790084655107	3.45121341282242e+17	0.3862365283303363	0.2882940926838933			5.884026684809203e+17	9672300820093366						
29.14103448275862	1	59.71195765120189	0.009939064520997087	0.219251923659541	0.8328876097255957	5175140077851039	4.898129766234007e+17	0.4400439639114769	0.2969904074112617	0.379557493559678	-0.001501048451033604	5.581527665795542e+17	1.246237304065958e+16	0.345674374920686	0.8286944215547555	0.01099226310362102			
30.31739130434783	5	74.20713386346037	0.004312014954437426	0.1322693629434714	0.8997885674337055	1588654737483803	2.304584018506048e+17	1.113339958086087	0.5251800704087404	0.1390258221718325	-0.003374944840209171	1.596631572258599e+17	2397275132458752				0.1397098959276037	0.9005577217641878	0.003757274016772268
19.97121212121212	3	62.13643950235183	0.00783817898802858	0.1947678594965938	0.8447092638047676	3124702846192490	3.992689990044997e+17	0.401449886368373	0.4945591717013862	0.2261790428148256	-0.001070697020275513	2.86561175509969e+17	7074177827533609						
31.33840000000001	9	73.76819243792346	0.006348250091574044	0.1967262278341653	0.8631565766066652	3131249088963702	4.369513272480616e+17	0.5180033440537639	0.3409848041536832	0.1848244778786689	-0.01654972045125902	8.150959238015232e+17	6513991020236467	0.271731868919488	0.8579331889569076	0.006371109744745492			
75.41250000000001	3	78.48630201246239	0.01014194838290394	0.2841927969954368	0.8418097978579501	2554604328981832	1.901161132151083e+17	0.6274559703531911	0.3786351746639534	0.3447131441161506	0.0337279684301951	1.523001860605148e+17	5539788045192870						
42.29125	1	88.19329266959083	0.004065843797648889	0.03538254688884031	0.8083545263145071	1207921217035699	7.489803260763322e+16	0.3188427546940381	0.621241149446927	0.01099816791146013	-0.007366735370137545	-8074780554688176	1428602888797056						
15.401	5	52.35144132796249	0.005593666173276656	0.09722137006781895	0.87700145261979	1357075810045161	2.400546617599179e+17	0.5841645620846166	0.392918036073451	0.1050764873591995	0.006176393326157381	3.465664994470016e+17	3007873722162186						
12.96590909090909	5	68.61338094975707	0.004991361127655748	0.0626744574755819	0.8622793759424919	1565748784432347	1.359426856693137e+17	0.5078096930978315	0.491829935023693	-0.002849940036783835	-0.002040434277124969	1.057261056271483e+17	1186794280353955						
15.17	5	81.69928537295165	0.009222391103286053	0.1280669850720355	0.8135270624689374	3589567024751964	3.45733199247954e+17	0.3920804883217607	0.3657944529030459	0.1917434784498545	-0.005353030673504566	4.325651788715482e+17	6344631902120554	0.1280398284854521	0.8136114442259794	0.01008437325437227			
34.0325	1	79.96704897149399	0.004515549778265562	0.2574774533643304	0.8280696111585555	1731119545396104	2.310827320500367e+17	0.5832373195420446	0.3677162884848312	0.2181788376585024	0.0126329502975161	2.507836704586485e+17	2932074010480011						
20.375	1	78.28799182858829	0.01080386665564305	0.2001615406604487	0.8151101479986025	2509868142642701	1.997756707795467e+17	0.4900057304157503	0.2979812645261566	0.2031166565478772	-0.01243478077926485	3.94927663222434e+17	6097172578553145						
9.102307692307692	1	10.68179680498273	0.001983478981301167	0.154616685374013	0.8966505209090435	1613083348862826	5.317180435161903e+17	0.8543690583814242	0.4574455003737405	0.03682068036154351	-0.004026555714968905	3.237979467689988e+17	2095227055299396				0.2728718991375827	0.8960357130103546	0.001711491284732123
5.086363636363635	2	79.13771375893852	0.002619592067764805	0.045257307499664	0.840525981131013	840647237554289.5	1.199524629056461e+17	0.4597577838871336	0.5444165681909473	0.008912049403157464	0.001469380135684539	7.377989135798166e+16	605013853265361.1						
49.61773809523811	20	78.04947496306133	0.005263404583905199	0.5542417273925412	0.8459733169901057	9152540511655038	1.524964601325259e+18	1.064600452133436	0.534948096699921	-0.03617772533218377	-0.004609798967407541	9.623424321522947e+17	5919249305707372				0.4198216700847789	0.84834489468608	0.005008686717899899
71.22628571428571	5	84.72791063157797	0.01678155770608065	0.07056240266770539	0.8193549000556281	5721655290783059	2.306226728825962e+17	0.4737477989798585	0.4294050427721535	0.05166082022774539	0.001488069424273708	8.28663652860439e+16	6468438082676514				0.08339279408213353	0.8213898069990779	0.01347148103071907
42.56134615384618	8	86.47927137064879	0.01811283301831658	0.2365122824606054	0.8120939335886977	9342088322302912	4.015835377055215e+17	0.6218345446766016	0.5799724730179373	0.1386494393086252	-0.006573116939139867	1.996197052623818e+17	9179835599356360				0.2065904011389782	0.8223084535045929	0.01538826816449799
15.57639705882353	15	38.35843164750905	0.002027018115603425	1.824830214559028	0.9311355434633356	6115450904213204	3.14946959406766e+18	5.363058302844201	0.6317736921702526	0.5012482830973575	-0.003707895881227219	1.712538094089046e+18	7137208764247932						
36.99282051282051	6	80.14257974465853	0.009786388774833683	0.1535174444458321	0.8415496087421215	4681668588958527	4.241695152139357e+17	0.5610331300345563	0.6183256862888357	0.03151342003144314	-0.01065086753614675	1.601203488924842e+17	6020293721601054				0.1381007721234161	0.8430869101484783	0.008844416514706391
14.86761194029851	10	48.67581847856132	0.00199401808730484	3.797559090787976	0.9022238106361387	7544202148993803	3.211338268863101e+18	4.715247566606173	0.645011612112475	0.3941591112162932	0.007912587684986261	8.125883750844431e+17	6780624035046092				3.833413604661638	0.9052661274170828	0.001532323763968587
22.72523809523809	1	82.98261118791326	0.01586700640836249	0.1140285201254025	0.8137098374481686	2291866324264208	1.354853847373589e+17	0.4177889103909186	0.3666385801275025	0.1727422543013089	-0.006180268275041478	1.487123892317223e+17	4577231857581733						
20.72863636363637	6	39.34692016458369	0.004656838186462546	0.1038065041555893	0.8612255223493287	1439956055144754	2.027802037388143e+17	0.5458922530846367	0.5559167045897703	0.09087917966304794	-0.003874907073495581	-3.95463857839808e+16	1986413335421513						
20.64315789473684	4	82.99020920733111	0.01110722314548396	0.06347549815022904	0.8329606434382207	1882176097882657	1.359544787307186e+17	0.3870174426519583	0.3391948485342327	0.06218883238115697	-0.005551457218449629	2.173449572169884e+17	3656142379021131						
16.61181818181818	4	58.7499905332125	0.005091330331103402	0.1128648876904185	0.8570235018684147	1338892512967061	1.738696185106614e+17	0.6001913426654448	0.4231042206651942	0.1505201171966452	-0.0001773532541087253	1.694376159230136e+17	1692413376149661						
21.435	4	43.20138300674778	0.001108330314106617	0.1836622900306254	0.8637331825555995	684983253026657.6	3.155172929439537e+17	0.6585779402502516	0.4550078021769396	0.162633878979134	0.002884859551598895	9.766683797090906e+16	991450477729457.2						
20.06181818181819	2	73.64622779063259	0.01048994130129118	0.04884263556273808	0.8284243950906146	1631739320605729	9.160029071903485e+16	0.4655849262770115	0.4151216499536179	0.05428562659134947	0.00329996927883669	1.051575497880125e+17	4376050604976304						
10.10631578947369	2	80.45457153384758	0.004115553352991249	0.05853297657879098	0.8331457916447584	1510816572959817	1.626504714902869e+17	0.3678548057101209	0.6565867882873851	0.03816610669516032	-0.0001589371992883892	8.362795428188864e+16	1525577985848723				0.05225413875741216	0.8333134979149847	0.003331859435239283
31.652	2	74.39975042639992	0.005100954114475888	0.01682118677247645	0.8184082466541323	821419528028776.8	5.759523431873097e+16	0.3051213064896228	0.3749764269229106	-0.01327784484465065	-0.009341633537511607	6.364143042225026e+16	567750587598195.9						
10.64545454545454	1	79.57662533350604	0.005539827080004734	0.1122087129393508	0.8274969925683016	2233252690739000	9.53511853511713e+16	0.4467823958397776	0.5405608361332711	-0.004205531717252256	-0.0237718196682094	1.031324675058957e+16	3095363536752954						
10.764	1	75.85617743414353	0.005995311846637099	-0.004822738570098626	0.8073448220339822	826976416930972.6	5.276036786683683e+16	0.306277504375193	0.5463969882121447	-0.01517183502627765	-0.002077272806714547	3.212572087264495e+16	981667715472301						
8.987272727272726	2	83.51906870938082	0.006892705279599658	0.02112113484492895	0.8026631838130287	1079156947597339	5.92068158657531e+16	0.3404611183562227	0.4040701730437615	-0.007279774829492103	-0.0005845177224250708	6.735989013496314e+16	1309809711217414						
11.5225	2	51.57426058790292	0.005422573991985175	0.03204743288856363	0.8120629384670154	867690064339195.9	5.018377115239082e+16	0.3169656941340843	0.4409281085860153	0.008790375061144926	-0.006304516625589951	1.784212438760822e+16	639610759075560.6						
8.603333333333332	2	82.40434886879564	0.006893559169966276	0.1105678712177271	0.8303896871041346	1624227236088930	1.735372382454057e+17	0.4365041340707458	0.5143946063431794	0.02702824254647436	-0.01128559812618057	5.125425218386893e+16	1613679505566196						
7.009000000000002	3	45.13788977630978	0.001649756067795118	0.0885587073457771	0.8749253412139989	1160343764140924	1.191810137813664e+17	0.6428246851360365	0.4087174565137737	-0.0001725830261206512	-0.004052149770785052	2.566244501966648e+16	1081823420417044						
13.532	2	83.94354318748276	0.001966574974676252	0.09359166493151663	0.8448060773146269	1206908232087982	2.192998909397292e+16	0.4696935064036199	0.189289659469324	0.05274809293025298	0.006036790960412541	-1.82794332320897e+16	835477049959458.6						
40.92157894736842	5	76.74184058044402	0.01269019251734121	0.3397402514893761	0.8902771305980599	3234474447946164	2.524143812632926e+17	0.8311790330612981	0.4174950495521874	0.4314018424273908	0.003818179716201686	3.256131180845513e+17	7033271751361688						
13.95	3	83.78219001834849	0.003469855512592982	0.06555305644509295	0.8780825153123645	726056944885658	1.167571872419203e+17	0.5699781243240273	0.6137916626571196	0.03558922789271047	-0.00658399189193748	1.956335562231253e+16	528287316083063.1						
10.118	4	72.43507834383063	0.003819094440800551	0.1978931620786672	0.8935183506369067	868355234126870	1.534260863441626e+17	0.6672227630088045	0.573526632737738	0.1533187002966836	0.01503279584442896	2255972029458432	463604470729390.9						
45.05225190839692	40	76.99897846181666	0.005215358364692424	0.8727662620105703	0.8287835038913092	1.044439025252419e+16	1.814784251278259e+18	1.492384941227132	0.620361581922049	2.149531409791807	0.00311771822882223	3.596357821567421e+17	8273419794353694						
17.67000000000001	4	47.68701123819179	0.001127382692476278	0.2679379135835856	0.8796605680552588	959096277864696.4	5.458615111593874e+17	1.310721046299871	0.5774489809332455	0.1423081131974859	0.0002207298674515856	3.342679574009045e+17	1435566031693152						
163.64	3	54.92004634998097	0.002456746093964984	0.5235333362249593	0.8554578344296718	1963029429698328	6.969160640320886e+17	1.109602615664891	0.4435506064168416	0.6565047026485813	-0.01076180624510581	9.73318765253456e+17	3308522346995370				0.4795650934228941	0.8576374763427681	0.002361710534575164
16.76846153846154	6	76.91557398933057	0.009727408011300967	0.451511209192438	0.8941093436308329	4805563986777740	3.812601253596458e+17	1.144021391720299	0.6518143352112232	0.3386156929390617	0.001319884163779261	1.810585839029062e+16	3314769397630457						
14.226	3	86.01676534771381	0.005061818500867649	0.3112108632334231	0.913326992874397	1691916926151686	1.733806894860188e+17	1.082126706799835	0.5422593015093063	0.0549490290453557	0.0009666284736103981	7.692753026582653e+16	1105534963922572				0.3145115859624461	0.9140458929236388	0.003993174058716364
137.8672222222222	2	59.40229992496128	0.005860130607576345	0.3351893992546166	0.8585116806738967	5861817103673995	8.240238866317592e+17	0.839959499223612	0.2252647531821293	0.5216224615116712	-0.003284461702257491	1.645804060013113e+18	1.543141223481908e+16						
24.37691176470588	6	44.88606007115686	0.001360461404824186	2.741120434459822	0.8998627105153417	2938564057383627	1.864908736746867e+18	4.470362618513422	0.6211088873332558	1.325741542724475	0.000224566628751921	7.559180681282051e+17	3961593866830528						
52.00714285714286	1	60.71299197495437	0.003312878915823765	0.2332262208192459	0.878270558510451	825422349449617.6	1.111313116731287e+17	0.6695108059593985	0.6226560214370087	0.01718606100481393	0.004544409500495838	2.988329407193613e+16	977826619708287.5						
25.00640804597701	13	62.23364980093788	0.005486725688297769	1.165378533211862	0.8682016104612482	1.124009870581576e+16	2.15768522067182e+18	1.939586744094702	0.7190304596479076	0.1422605384247224	-0.004021118066158569	1.008027636560494e+18	6079892390032124						
51.50760000000002	2	62.03080567923288	0.008950672239255303	0.35725354723043	0.8777587588424265	5549024259127657	5.927477433016311e+17	0.9214584962755241	0.2416726768780899	0.2667819466821599	-0.006258721358506802	1.351379860186934e+18	1.383911461642023e+16	0.4052049440375775	0.8767124560447317	0.009021701503894537	0.3389846779350247	0.8788889330782003	0.008564678657863069
71.124358974359	4	54.07382279761012	0.003878279639502835	1.476001537103602	0.8900112968895703	4331243947574302	9.854813361411642e+17	2.231174617981692	0.8056511748478135	-0.1401561143705179	-0.01381165531188511	1.160909443402294e+17	3602260475203141						
17.11165137614679	12	42.70846850423327	0.004429054687031846	0.3254304241694306	0.8962051806153523	3534566695945622	5.613172067519894e+17	0.9072618748945207	0.7197045217822824	0.1071829116980668	-0.0061520825558119	1.261861900792899e+17	3468630059268944				0.2461193637539938	0.8951794039542812	0.003752090570878093
18.77663157894737	11	56.32821791071426	0.003058842393994867	0.1774357840782465	0.8920034147880751	2111809110097238	3.369397555408483e+17	0.7952512268152434	0.6743840150098145	0.111563176281002	-0.0009878209082463396	5.38704192608521e+16	1996268594890453						
44.02833333333334	3	81.14676699519077	0.008948355026086091	0.2189934038294109	0.8788327012315107	3709329532528558	1.397972894733657e+17	0.7793520417459606	0.4915219224758487	0.3511813360031734	0.01559055049817071	-2.804357325819763e+16	6655381211278883						
16.97161290322582	2	37.0298621362851	0.002047106035266277	0.2469974635739391	0.8758732691738075	1618683302904244	5.352439728119948e+17	0.9031395490503451	0.7428682396282656	0.005218645025123647	-0.0001420208133243728	-1375718262599872	878792803537940.5				0.2621724577302215	0.8761216040679459	0.001825935673960547
10.29975	8	45.07107808622862	0.00221266811951291	0.1509859955362641	0.893979867198158	967542845102779.1	3.189481743608869e+17	0.6681341208809118	0.6007858882952544	0.03864015107014496	0.00224173648200765	1.163923493441355e+17	531448092327935.8						
43.45500000000001	2	74.686239164546	0.007754011386599155	0.1099634689419983	0.857793904773839	2521143371837404	2.291758946829743e+17	0.5234152781501387	0.3685568891383295	0.08788169634498606	-0.01776484800866707	2.807328481778684e+17	5863958814183438						
12.692	3	75.66384676422186	0.00647549271114192	0.4264160861303145	0.9074831867447899	1125710042353766	1.167948978418535e+17	1.015934856582712	0.4138975695787829	-0.02549362362414365	-0.002202365197244815	9.353876138187989e+16	1348446736028793						
29.51103448275862	6	37.20988317370183	0.003819988013675551	0.4254958548683689	0.892770785601444	3007080562684966	7.125266872968431e+17	0.9511111030938406	0.4862613210937177	0.3081826619838804	-0.00744723810522363	5.841635745489613e+17	6037474117717748	0.4676945619921271	0.8909172773834902	0.004518755476913848	0.3706843507032936	0.8920621639522863	0.003613780370414762
55.3775	3	60.86860530867498	0.005166359524481002	0.2478796738089543	0.8914734112367019	3392252434200283	4.088512535252829e+17	0.8624418728373283	0.6222000960988615	0.1217957079969535	0.008591121262702339	1.26727506458617e+17	1030734209634880						
22.46421052631579	2	43.05237210235961	0.005413772587700489	0.1693252444973279	0.8718727444925269	2077364126054798	3.156176224580479e+17	0.5510145537793628	0.2241327930367296	0.1862555798913029	-0.02509602388177068	5.378466903284194e+17	5373906794333924						
30.38846153846154	2	38.2762625953189	0.003883705803034865	0.1655077307641785	0.8914926444698259	1607587656342530	2.730713933000671e+17	0.6340916018426628	0.4310447362945817	0.11886120349772	-0.004666947872860927	2.309974972452482e+17	3139487458824187						
24.744	2	53.39947424174693	0.006372089709011075	0.07868887593820266	0.8206432163087137	1339196295796451	9.88565850842167e+16	0.3024504155177038	0.3588648525786387	0.07050540129238375	-0.003521554231368795	1.069272474750966e+17	2043734243654768						
17.84916666666667	3	46.62810746046286	0.002528925643887801	0.1972361943395504	0.8930307029353298	1208866858705010	5.173750505799258e+17	0.914824158742558	0.3262803011251097	-0.09979758180312449	0.001215656229596407	7.88476524733173e+17	3195987069094037						
26.03636363636364	2	29.51998367492687	0.001254155017967572	1.356783563774594	0.9028685543649561	1921657315619870	1.390423417637494e+18	2.208798032315571	0.4173233917846983	0.7775454558971611	-0.006217445444372971	9.293361614122422e+17	4537169313544669	1.321695262217343	0.9006753230086088	0.001620088981891304			
42.88410112359551	8	41.19580450685304	0.001182401780464795	1.153562836877944	0.8165859252349728	4959534468460460	4.035665737356636e+18	1.917979837370793	0.6472878466106156	-0.111814482375836	-0.00801981630038584	1.550834755912372e+18	2541854058357918				1.039574728230652	0.8176734742605518	0.001126303690446662
34.84552631578946	20	49.09390968667108	0.003522292635253371	1.19030741279347	0.8394816145967142	6572659858655432	1.953751901676973e+18	1.589586611618822	0.582527920372338	0.9410692305451487	-0.006973143127834702	1.282432962945696e+18	9130804309281180				1.084533702539888	0.8413074764166633	0.00334056658489223
26.28096491228071	44	29.96537410017419	0.0003307695063930566	2.618934215553267	0.8937614074801946	5667420226245356	8.258744713112379e+18	4.178363091656755	0.6391963535677048	0.01092752186833001	-0.02382366070612985	-2.432396264912361e+18	5250141345921566						
32.95822580645162	8	45.38742104853835	0.002238932852850168	0.4801299749138946	0.8546295536925639	2950173643429696	8.305944886529082e+17	0.8185963066536791	0.4599192206686979	0.2078807878642597	-0.00856890370522323	6.103904067733892e+17	3001141299371352				0.4493751074144209	0.8535877217497092	0.002231830763050776
25.68904109589042	4	37.73600153359406	0.001606291230837335	0.6658204450223038	0.8247692402433456	1928202829351652	1.061036144838128e+18	1.163444127388264	0.6309045978369934	0.1757046554356491	-0.003892631157833115	3.579875615052137e+17	1936559310766166				0.6964031247839116	0.8256750383598478	0.001599306570600125
34.1034693877551	11	44.13847013883088	0.002584489434063953	0.3160162438301026	0.8208105765341018	1844245187276574	5.597532591693446e+17	0.6654020759407956	0.7025710228582437	-0.05052938948083568	-0.01427751855046189	5.229343866159693e+16	1472039515241798				0.3002602151577933	0.8209186081521009	0.00225825789348629
21.40333333333333	2	52.63106118154423	0.003754929130045281	0.3044715754083545	0.8679167003435078	2716370985973060	6.58856287988932e+17	0.6390040447968187	0.4803859619183067	0.137128749368327	-0.005699817477126889	3.665782492707018e+17	4462082868956028	0.356241733188272	0.8688784176176214	0.004106642799393975			
24.33538461538462	1	53.7628604449228	0.008888998624881378	0.5323159690182829	0.8711952971088825	3915393457272324	4.253709183186467e+17	0.8990127409572995	0.3703107269684744	0.7436842210341521	8.964437519698443e-05	6.248726965689562e+17	7822795491899951				0.5343790011600493	0.8707292204844834	0.007926042728871692
55.0635294117647	3	30.25772855414834	0.000712489053022054	0.08029000769906214	0.8522321216775001	465882341160730.2	3.46415677544461e+17	0.5271943260616259	0.5073768329113855	0.06181891180164459	0.003706195773141241	2.37419767347444e+17	416627836287876.4						
53.7276530612245	9	36.32425340230971	0.0005205516813755669	2.465177309012615	0.9037004582869033	6807867683521192	1.214874588187926e+19	4.854001913192778	0.5758208430150954	0.4258237536269767	-0.01898334976051441	2.449906941556374e+18	6297357752140860						
30.21673684210527	8	81.47381168596021	0.00657049352909087	0.1645827659639555	0.8530298441233848	4612269245785567	4.877210284736071e+17	0.6625209840990641	0.6088957675053602	0.1291030808402293	-0.006528280688812171	1.311827729588201e+17	4452333192726329						
23.44166666666666	4	52.63764336049154	0.00149422588528045	0.1848787447496643	0.9109729130251472	1131236415160815	5.896104663218865e+17	0.9158718378136693	0.3739073195376576	0.2425256070969844	-0.002239408545022248	7.922751136740308e+17	2228495787025044						
14.66722222222222	7	33.38500361859104	0.002525307531124608	0.3355850798877071	0.9059427584429768	1544068789979056	5.004880667278508e+17	1.158306979020386	0.5215404098711683	-0.05274672785853768	-0.002322207987145553	2.367419520450934e+17	2583521932712756						
20.14367630057805	28	69.86209782517165	0.00134026196355735	2.039917485714156	0.8597029770441361	6951894877209593	4.18660322887843e+18	3.02499195523616	0.6881570004584829	1.881382386531147	0.0004638981879727666	1.788174863160602e+17	2404186251684564						
10.355234375	16	40.01830164196117	0.003036209209591495	0.4697288980425877	0.8828178678668698	2349948946293340	6.136599071430542e+17	0.8779988334569276	0.6901254792696511	-0.2070127400634643	-0.01465731085613553	2.619450325756506e+17	1466527000237682						
23.06363636363636	3	40.38168919532774	0.009062528694380276	0.2837151165244888	0.8920991951217035	2707680860183576	2.954530079994645e+17	0.7875676980703302	0.3976809898159465	0.1130574604927356	-0.00957042676558495	3.277322900726132e+17	4521202064165194				0.2495024321067802	0.8933396861531783	0.008378087634270092
40.92191919191922	14	42.24128837413159	0.0006439925959965068	2.744249191781887	0.9004379400605809	6118497488807129	8.403822414522426e+18	5.035845198130666	0.5251227477980432	0.2390886765504621	-0.01436978969977198	5.382594459651932e+18	1.533883501755883e+16						
19.42263999999999	11	19.51986963792519	0.0001622555363201882	1.164869008381281	0.9215771136433166	1483405368359311	9.712565955763223e+18	6.036934977796812	0.4729723785940526	0.2765811257223256	-0.0002505104848559148	3.948904334934819e+18	3597664830848763						
10.79392857142857	3	53.11835418558189	0.001560592054316407	0.4728519573328973	0.888745113075339	1364630119557840	7.842637582646102e+17	1.028886132441718	0.6006085861782039	0.08315111529010277	-0.001791155135872025	3.708572289087457e+17	1183685670504459				0.3614443882188362	0.8834177083402053	0.001391465847764504
5.595	4	46.96893060735858	0.001409346777219806	0.1451627447087587	0.8710514629064525	497610804590922	1.985237263833777e+17	0.6844671944016026	0.6592157816426855	0.06493376743506585	0.002947754286100168	6.939181062751347e+16	249180832429199.1						
26.53	6	21.94121442718973	0.001863995098353172	0.7106782759797198	0.892545324534022	2134843699409735	1.037929737923802e+18	1.226374207950246	0.5980533775019926	0.02436151784553786	-0.003880811869631517	5.768650667936929e+17	2019663265569447						
72.3069230769231	5	24.2995947619743	0.004220067343632246	0.270981253865518	0.8583741459443456	2078382688282982	4.772926219714288e+17	0.668618432075145	0.4255589828264269	0.5336436451273817	0.01218599864814562	6.095617659592209e+17	3835354003101120						
20.36337662337663	14	59.34459720129068	0.004029266270013107	1.664550576108952	0.9007267481730059	7450706215226999	1.83633175748998e+18	2.640716911117471	0.5422954495839253	0.7921125864094993	-0.0005914895372453044	1.176968827184468e+18	1.041656641663519e+16				1.49391723842979	0.9017106777574826	0.003924498661954944
18.23642857142857	4	53.01199537788267	0.001444118046736044	0.3558252153592158	0.8908151235238202	1243720119444256	7.590857102877038e+17	1.171915665760706	0.3985266659320387	-0.1006534626018591	-0.004654502815602424	9.013350037878061e+17	2199218679133164						
38.52399999999999	1	33.01246222528425	0.001092101899619698	0.3477054504247032	0.8766739940768842	1506973439115851	6.008707426827203e+17	1.079830667739657	0.6973625301194215	0.1344019336469231	-0.006414681745450901	-1.499839822420211e+16	2647743561967445						
25.60573770491804	12	39.56175476920924	0.001673141083820815	0.3067744494823559	0.8928629813283233	3083292748434586	1.757775050487637e+18	1.30173990290013	0.3690397238163422	0.1861592252235272	-0.0006428254209279727	2.433294818975687e+18	6851526246078343						
73.7138613861386	11	29.28651424326858	0.0006371080279792121	1.56071954635312	0.8353856481951646	5523678140029058	7.312191250114219e+18	2.113709457508224	0.529043685672189	0.03675382774255342	0.001595266934601103	1.510885626239283e+17	6210660530485296				1.376315593872619	0.8410530174591432	0.000620475896682959
50.10062499999999	2	31.59780440817736	0.00227623516674031	0.2257194601311827	0.8436067667996385	1539137467957063	5.985017204857603e+17	0.5278401359716083	0.3946652792622992	0.2149025097389512	-0.01747481234281223	6.42354810628801e+17	2288551670335097				0.196716300567012	0.8430178971478699	0.002061829434093193
109.9066666666667	1	30.01929292703961	0.001914817295415336	0.3409373287688304	0.8497832921140176	1197809662496194	4.997672351148811e+17	0.7432213908837965	0.4806366878711167	0.1857954369182494	0.0003567669547311914	3.518073157005935e+17	1822956141679946				0.306974203630576	0.852532111791826	0.001828108781483796
64.95333333333333	1	43.80985440671056	0.0009549094394800145	0.6178369358845159	0.8751277301532598	1862107385808106	1.094646211896839e+18	1.476003053842299	0.4987333439756745	0.5821436019529033	-0.0006203784429905657	7.068040630200548e+17	3622923940446005				0.5643660180576133	0.8756169335844178	0.0006925503766090226
32.40444444444444	8	39.96006516865867	0.0014829840635227	0.6051089953712724	0.9104803223102879	1655233139692666	9.257248352641501e+17	1.856592508770701	0.4625700428105249	0.4898117447762323	7.315530680784832e-05	7.999609999364033e+17	3588656741317066	0.6142262217498621	0.9096910358871784	0.003184884994046574			
15.85333333333334	7	28.08400916584357	0.001059167155673199	1.080148813183555	0.8910509996025687	1629489333512816	1.066171080623264e+18	2.058756666149034	0.4324889328506172	1.246841461265132	0.002652725022744273	1.178385624486005e+18	3570561785991823	1.151596477192008	0.8903398917778779	0.001461556478330472			
16.39	1	43.84638728678014	0.0002618796896795706	0.1729662550922115	0.906929133422651	446613726613150.6	5.021686497538714e+17	1.245025963770986	0.5798302671277513	0.01370662834633138	-0.0007226302462379763	2.728833216516037e+17	301704860301710.5						
49.39852631578944	15	43.07293172764364	0.0008915463294198871	0.9278189984762281	0.8147008129341764	4053500115041042	3.483205473259209e+18	1.567935724737665	0.4987437442649933	-0.2489742404542634	0.00516977514450867	-1.243360702144786e+18	3201216979496162						
32.83244897959182	4	41.85022844292944	0.001049840605498709	0.9666711629626754	0.8269586152504138	4506022669440049	3.246664557548106e+18	1.654635703942383	0.4848315633011641	0.4401884804157093	0.003631556974308392	6.667453857351931e+17	1744269104526416						
55.09821428571428	8	41.26981569111334	0.001026415644406198	0.6835615861778011	0.8188211149309516	1659902242438056	1.08982035518673e+18	1.445166041909569	0.3941646881638835	0.7180868767067521	0.004101506721041592	1.367505792966679e+18	3650904534610736						
51.74078260869564	9	49.33487027713696	0.0007255344280777782	0.3255757894092263	0.8450411152358626	1821153111362719	1.457409560128073e+18	1.29426465296582	0.3562347397774507	0.2339801890004695	0.001380263120324354	1.753688533783006e+18	1177533461167373						
87.90373134328357	6	45.25021516268695	0.0007064569854664188	0.5890544517396559	0.8359991520007735	2132297550811950	2.376189657259596e+18	1.552390002168734	0.5928607174905755	0.309912631470797	-0.004130719655963233	5.125716146448151e+17	1685883434863528						
54.35526315789474	5	58.38480952216734	0.001928690635420722	0.2994074833992689	0.817615407381454	3655057144756758	1.430392720771642e+18	0.868026725823165	0.5658727235620074	0.1720775198425674	-0.009852153612925463	9.137835431061458e+17	2878619391812802	0.2761695666647391	0.8170462861864849	0.001992288727093744			
62.30652173913041	4	49.12188871898343	0.004899831357193189	0.3554448688081394	0.8902021243435846	3074603874139835	4.930664227420975e+17	1.306024769444094	0.1656974495440436	0.6312259136201889	0.002394306542915836	1.283002889627156e+18	7722717330209134						
13.56032258064516	7	13.70016077836107	0.001058627633445523	0.3319207589204777	0.9005281036586515	844607935957973.8	5.782063301875667e+17	0.7799889146576164	0.5115872497203002	0.304027202853051	0.01012408258851838	3.709402256006658e+17	1086684270048378						
22.46931034482759	5	53.94874438675442	0.0043628452724656	0.3426256371683785	0.9022309507612597	2388984826937213	4.916468536402484e+17	1.2688189788655	0.4108856939818564	0.3170551647877243	-0.004825189669762864	6.109213850448266e+17	4036982181581299				0.3034920705696991	0.9033651986650016	0.004138865940534892
10.2816	4	23.40005638705939	0.0007221507465854779	0.4538822206268887	0.8752679534712229	652816590974606.5	4.998036802929705e+17	1.143853008099954	0.710801639487643	0.2509081162964444	0.01010677574495855	-4.580013489612128e+16	545395871409513.2						
8.082666666666666	5	51.66113008439632	0.001587615229715286	0.2501104740877995	0.9074990392042525	686589712314311.4	2.955451023474177e+17	0.9408672827897009	0.5250602219420712	0.1886310738947101	0.003041569283038781	7.962116438613629e+16	745818490933887.6						
25.22555555555556	2	33.77925236870323	0.0008625830712298455	0.5875693489889469	0.9220491788553615	1550859670361503	9.327991511677501e+17	1.513169397841484	0.6494650398743395	0.4759913867877391	-0.01100544536770232	3.45049307324156e+17	2145808023299089				0.5639372269892426	0.9211866613715168	0.0006330389505492949
28.10030303030303	3	51.40568922314796	0.004947003189470819	0.4251554806087237	0.8684195939594845	3273885675191940	6.472535199589188e+17	1.431205294682928	0.3766310039231582	0.5537989954270185	-0.001446716349971955	8.423517672674619e+17	6412117348993445				0.3871977814524225	0.8686156259819764	0.004215828654750065
32.98052631578948	2	32.14392036360358	0.003708864880185257	0.2717442493869676	0.8785693485804126	3405662355792678	6.427126024726431e+17	1.21264866608616	0.1695598211593991	0.04850186691508251	-0.009886712384497232	1.368222116256216e+18	9460378404587060						
22.06333333333333	2	33.89747357706224	0.002977089471122263	0.2071283828506115	0.8888433062114953	1657346739248396	2.695766482586156e+17	1.337328531520574	0.2583568308347374	0.03106514502234053	-0.001327497145853118	6.866955851362634e+17	2181792064030264						
17.85888888888889	6	29.05387705109998	0.001187991947547959	0.2921479329030027	0.8939019109930688	854482550325728.6	5.895212292318569e+17	1.071847593179177	0.44145415602807	0.07690854203850361	-0.004796964757460498	4.832588682658876e+17	1348549926563756						
15.98666666666667	2	41.37644117521268	0.000763937279352174	0.1071378600972075	0.8858237364160167	623903952101120.8	8.653058926425643e+16	0.7872749475862265	0.3092041450899084	-0.1006163724119029	-0.001496551265165125	1.001351427488191e+17	580712781100130.2						
11.885	2	49.30494242307933	0.0007030319762438824	0.09138261859456898	0.8779447967969471	562082899186607.2	1.862244846600018e+17	0.7883831557444129	0.4113147738404329	0.006771614312917285	-0.002591266335277287	-3.579489157211603e+16	554197873935917.6						
52.50547008547009	8	25.32887529051795	0.001168483564998687	1.760189378591736	0.8825630732075791	6840562029321789	5.034197138340417e+18	2.72820819298408	0.3587399409917251	0.393567605941838	-0.004652130064145665	5.275909074681022e+18	1.128612988919373e+16						
6.928437500000001	4	22.13770201412979	0.00166882148262742	0.2900460710951596	0.8858251065275639	735278765595320.4	3.483239755926923e+17	1.279528820074513	0.3666108443843361	0.1565184150380941	0.003824201367855773	3.84011928524325e+17	1044393730087094						
5.991111111111111	5	27.58535490509659	0.001589949872026458	0.2263046222341679	0.8797048265389875	942024548484022.6	2.892863670512986e+17	0.8492756626641484	0.421696477402234	0.2050241548639758	0.006988387553615083	1.100055547066184e+17	1739810811931692						
9.790185185185184	10	22.01203204679578	0.001199602603971506	1.157870732398388	0.9471956368999368	2870133775758237	1.33989327685007e+18	5.28001065480281	0.5395595378492508	0.6899980641258594	-0.003455203272622387	1.133682511930188e+18	3545334691801602						
5.654	2	26.05552334088798	0.001128239429945399	1.049295814866103	0.9393007135335623	3196894601927398	7.674067445468979e+17	4.296103512139704	0.5002696790047213	0.5333352987749943	0.002438093478133063	5.408302433586035e+16	2251876550968132						
